"SPECIES","PHASE_OF_FLIGHT","TIME_OF_DAY","reported_strikes","damaging_strikes","damage_rate"
"Mule deer","Landing Roll","Night",22,22,1
"Wood duck","En Route","Night",8,8,1
"American coot","Descent","Night",5,5,1
"Anhinga","Departure","Day",5,5,1
"Northern shoveler","En Route","Night",5,5,1
"Snow goose","En Route","Day",5,5,1
"Wapiti (elk)","Landing Roll","Night",5,5,1
"Western/Clark's grebe complex","Climb","Night",5,5,1
"Canada goose","Descent","Day",4,4,1
"Canada goose","En Route","Dusk",4,4,1
"Canvasback","Climb","Night",4,4,1
"Deer","Landing Roll","Day",4,4,1
"Ring-necked duck","En Route","Night",4,4,1
"Tundra swan","Approach","Night",4,4,1
"American black duck","Climb","Day",3,3,1
"American coot","En Route","Day",3,3,1
"American woodcock","En Route","Night",3,3,1
"Black-bellied whistling-duck","Climb","Night",3,3,1
"Black vulture","Departure","Day",3,3,1
"Brant","Climb","Night",3,3,1
"Deer","Landing Roll","Night",3,3,1
"Eared grebe","Climb","Day",3,3,1
"Geese","Descent","Day",3,3,1
"Golden eagle","En Route","Day",3,3,1
"Green-winged teal","Climb","Day",3,3,1
"Lesser scaup","Climb","Day",3,3,1
"Mallard","En Route","Dusk",3,3,1
"Mule deer","Approach","Day",3,3,1
"Mule deer","Landing Roll","Dusk",3,3,1
"Pronghorn","Landing Roll","Day",3,3,1
"Red-throated loon","Climb","Day",3,3,1
"Ring-necked duck","Climb","Day",3,3,1
"Snow goose","Descent","Night",3,3,1
"Snow goose/Ross's goose complex","Descent","Night",3,3,1
"Swine (pigs)","Landing Roll","Night",3,3,1
"White-headed gull complex","Climb","Dawn",3,3,1
"White-headed gull complex","Climb","Dusk",3,3,1
"American bittern","En Route","Night",2,2,1
"American wigeon","Climb","Dawn",2,2,1
"American wigeon","En Route","Night",2,2,1
"Black vulture","Approach","Night",2,2,1
"Blue-billed white tern","Climb","Day",2,2,1
"Blue-winged teal","En Route","Day",2,2,1
"Cackling goose","En Route","Night",2,2,1
"Canvasback","En Route","Night",2,2,1
"Cattle","Landing Roll","Day",2,2,1
"Cattle","Landing Roll","Dusk",2,2,1
"Cedar waxwing","En Route","Day",2,2,1
"Cinnamon teal","Climb","Night",2,2,1
"Collared peccary","Landing Roll","Night",2,2,1
"Common raven","En Route","Day",2,2,1
"Common tern","Approach","Night",2,2,1
"Deer","Take-off Run","Night",2,2,1
"Ducks","Descent","Night",2,2,1
"Ducks, geese, swans","Descent","Day",2,2,1
"Eastern screech-owl","Approach","Night",2,2,1
"Gadwall","Climb","Dawn",2,2,1
"Glossy ibis","En Route","Day",2,2,1
"Greater white-fronted goose","Descent","Night",2,2,1
"Greater white-fronted goose","En Route","Day",2,2,1
"Greater yellowlegs","Climb","Night",2,2,1
"Hawaiian goose","Approach","Day",2,2,1
"Hawaiian hawk","En Route","Day",2,2,1
"Laughing gull","En Route","Night",2,2,1
"Marbled godwit","Climb","Day",2,2,1
"Mottled duck","Take-off Run","Dawn",2,2,1
"Mule deer","Take-off Run","Dawn",2,2,1
"Mule deer","Take-off Run","Dusk",2,2,1
"New World vultures","Descent","Day",2,2,1
"Northern pintail","Take-off Run","Dusk",2,2,1
"Pronghorn","Take-off Run","Dawn",2,2,1
"Shorebirds","En Route","Day",2,2,1
"Snow goose","Climb","Dawn",2,2,1
"Snow goose/Ross's goose complex","Approach","Day",2,2,1
"Swainson's hawk","En Route","Day",2,2,1
"Tundra swan","Climb","Dawn",2,2,1
"Turkey vulture","Climb","Dusk",2,2,1
"Wapiti (elk)","Landing Roll","Day",2,2,1
"Western cattle egret","Climb","Dawn",2,2,1
"Western grebe","Climb","Night",2,2,1
"Western/Clark's grebe complex","En Route","Night",2,2,1
"White-faced ibis","Approach","Day",2,2,1
"White-faced ibis","Climb","Night",2,2,1
"White-tailed deer","Arrival","Night",2,2,1
"White-winged scoter","Approach","Night",2,2,1
"Wilson's snipe","Descent","Day",2,2,1
"Wood stork","Climb","Night",2,2,1
"Yellow-crowned night heron","Take-off Run","Day",2,2,1
"Yellow-legged gull","Climb","Day",2,2,1
"American alligator","Landing Roll","Dawn",1,1,1
"American barn owl","Local","Night",1,1,1
"American bittern","Landing Roll","Dawn",1,1,1
"American black duck","Climb","Dusk",1,1,1
"American black duck","Take-off Run","Dawn",1,1,1
"American coot","Climb","Dusk",1,1,1
"American crow","Take-off Run","Night",1,1,1
"American robin","Local","Night",1,1,1
"American white pelican","Approach","Dusk",1,1,1
"American white pelican","Climb","Night",1,1,1
"American white pelican","Take-off Run","Day",1,1,1
"American wigeon","Departure","Day",1,1,1
"Anhinga","En Route","Dusk",1,1,1
"Bald eagle","Arrival","Night",1,1,1
"Bald eagle","En Route","Dawn",1,1,1
"Bald eagle","En Route","Dusk",1,1,1
"Band-tailed pigeon","Climb","Day",1,1,1
"Band-tailed pigeon","Descent","Day",1,1,1
"Band-tailed pigeon","En Route","Night",1,1,1
"Barred owl","Climb","Dawn",1,1,1
"Bats","Approach","Day",1,1,1
"Black-bellied plover","Approach","Dusk",1,1,1
"Black-bellied plover","Climb","Dusk",1,1,1
"Black-bellied plover","Descent","Day",1,1,1
"Black-bellied whistling-duck","Approach","Dusk",1,1,1
"Black-bellied whistling-duck","Climb","Dawn",1,1,1
"Black-billed magpie","Climb","Night",1,1,1
"Black-crowned night heron","Descent","Night",1,1,1
"Black-crowned night heron","Take-off Run","Dawn",1,1,1
"Black-footed albatross","Approach","Night",1,1,1
"Black-headed grosbeak","Climb","Night",1,1,1
"Black-headed grosbeak","Landing Roll","Night",1,1,1
"Black kite","Departure","Day",1,1,1
"Black mastiff bat","Approach","Day",1,1,1
"Black vulture","Landing Roll","Night",1,1,1
"Blue-billed white tern","En Route","Day",1,1,1
"Blue-headed vireo","Arrival","Night",1,1,1
"Blue-winged teal","Climb","Dusk",1,1,1
"Blue-winged teal","En Route","Dusk",1,1,1
"Blue-winged teal","Landing Roll","Dusk",1,1,1
"Blue-winged teal","Take-off Run","Day",1,1,1
"Blue-winged/cinnamon/green-winged teal complex","En Route","Night",1,1,1
"Blue-winged/cinnamon/green-winged teal complex","Take-off Run","Night",1,1,1
"Blue grosbeak","Descent","Night",1,1,1
"Blue jay","Descent","Night",1,1,1
"Bobcat","Landing Roll","Night",1,1,1
"Bonaparte's gull","Take-off Run","Dawn",1,1,1
"Brandt's cormorant","Climb","Day",1,1,1
"Brant","Approach","Dawn",1,1,1
"Brewer's blackbird","Descent","Night",1,1,1
"Brown bear","Landing Roll","Night",1,1,1
"Brown pelican","Approach","Dawn",1,1,1
"Brown pelican","Climb","Dawn",1,1,1
"Brown pelican","En Route","Night",1,1,1
"Brown thrasher","En Route","Night",1,1,1
"Bufflehead","Approach","Dusk",1,1,1
"Cackling goose","Approach","Dawn",1,1,1
"Cackling goose","Climb","Dusk",1,1,1
"Cackling goose","Climb","Night",1,1,1
"Cackling goose","En Route","Day",1,1,1
"Cackling goose","Landing Roll","Day",1,1,1
"California gull","Climb","Dusk",1,1,1
"California gull","En Route","Dawn",1,1,1
"California gull","En Route","Day",1,1,1
"Canada goose","En Route","Dawn",1,1,1
"Canada goose","Local","Dusk",1,1,1
"Canids","Landing Roll","Night",1,1,1
"Canvasback","Approach","Day",1,1,1
"Canvasback","En Route","Day",1,1,1
"Canvasback","En Route","Dusk",1,1,1
"Carolina wren","En Route","Night",1,1,1
"Carrion crow","Climb","Day",1,1,1
"Caspian tern","En Route","Day",1,1,1
"Cassin's finch","Approach","Dusk",1,1,1
"Cattle","Approach","Day",1,1,1
"Cattle","Climb","Day",1,1,1
"Cattle","Local","Day",1,1,1
"Cattle","Parked","Day",1,1,1
"Cattle","Take-off Run","Day",1,1,1
"Cattle","Take-off Run","Night",1,1,1
"Cinnamon teal","Approach","Dawn",1,1,1
"Common eider","Approach","Night",1,1,1
"Common eider","Climb","Dusk",1,1,1
"Common eider","En Route","Night",1,1,1
"Common gallinule","En Route","Night",1,1,1
"Common goldeneye","Climb","Dawn",1,1,1
"Common goldeneye","Climb","Night",1,1,1
"Common loon","Approach","Dawn",1,1,1
"Common loon","Approach","Night",1,1,1
"Common loon","Climb","Dawn",1,1,1
"Common loon","Climb","Dusk",1,1,1
"Common loon","En Route","Dawn",1,1,1
"Common loon","En Route","Day",1,1,1
"Common merganser","Take-off Run","Day",1,1,1
"Common raven","Approach","Night",1,1,1
"Cormorants","Climb","Day",1,1,1
"Cranes","Climb","Night",1,1,1
"Crested caracara","Departure","Day",1,1,1
"Crows","En Route","Night",1,1,1
"Crows, ravens","Climb","Day",1,1,1
"Cuckoos","Climb","Night",1,1,1
"Dark-billed cuckoo","Climb","Night",1,1,1
"Deer","Approach","Day",1,1,1
"Deer","Approach","Night",1,1,1
"Deer","Take-off Run","Day",1,1,1
"Diving duck (Aythya)","Descent","Day",1,1,1
"Domestic/feral dog","Parked","Dusk",1,1,1
"Domestic/feral dog","Take-off Run","Dawn",1,1,1
"Double-crested cormorant","En Route","Dusk",1,1,1
"Double-crested cormorant","Landing Roll","Night",1,1,1
"Double-striped thick-knee","Departure","Night",1,1,1
"Ducks, geese, swans","Climb","Dawn",1,1,1
"Eared grebe","Approach","Day",1,1,1
"Eared grebe","En Route","Night",1,1,1
"Egrets","En Route","Night",1,1,1
"Emperor goose","Climb","Day",1,1,1
"Eurasian collared dove","Climb","Night",1,1,1
"Eurasian moorhen","Departure","Dawn",1,1,1
"Eurasian wigeon","Climb","Night",1,1,1
"European starling","Local","Night",1,1,1
"Falcons, kestrels, falconets","Approach","Night",1,1,1
"Flammulated owl","Descent","Night",1,1,1
"Franklin's gull","Descent","Day",1,1,1
"Franklin's gull","Descent","Night",1,1,1
"Gambel's quail","Take-off Run","Dusk",1,1,1
"Geese","Local","Day",1,1,1
"Glaucous-winged gull","Take-off Run","Night",1,1,1
"Glaucous gull","Take-off Run","Night",1,1,1
"Golden eagle","Descent","Day",1,1,1
"Grackles","Approach","Dawn",1,1,1
"Grackles","En Route","Dawn",1,1,1
"Grackles","En Route","Night",1,1,1
"Grackles","Take-off Run","Night",1,1,1
"Gray heron","Take-off Run","Day",1,1,1
"Gray kingbird","Approach","Dusk",1,1,1
"Gray partridge","Approach","Day",1,1,1
"Gray partridge","Climb","Night",1,1,1
"Great-tailed grackle","Approach","Night",1,1,1
"Great black-backed gull","Departure","Dusk",1,1,1
"Great black-backed gull","Descent","Night",1,1,1
"Great black-backed gull","Take-off Run","Dawn",1,1,1
"Great black-backed gull","Take-off Run","Dusk",1,1,1
"Great blue heron","Descent","Night",1,1,1
"Great frigatebird","En Route","Day",1,1,1
"Great gray owl","Landing Roll","Night",1,1,1
"Great horned owl","Climb","Dusk",1,1,1
"Great horned owl","Landing Roll","Day",1,1,1
"Greater sage-grouse","Climb","Day",1,1,1
"Greater sage-grouse","Departure","Day",1,1,1
"Greater scaup","Approach","Dusk",1,1,1
"Greater spotted eagle","Take-off Run","Day",1,1,1
"Greater white-fronted goose","En Route","Dusk",1,1,1
"Greater yellowlegs","En Route","Day",1,1,1
"Green-winged teal","Approach","Dawn",1,1,1
"Green-winged teal","Landing Roll","Day",1,1,1
"Grouse","Approach","Dusk",1,1,1
"Hawks","Descent","Night",1,1,1
"Herons","Climb","Dusk",1,1,1
"Herons","En Route","Night",1,1,1
"Herons","Take-off Run","Dusk",1,1,1
"Herons, egrets, bitterns","Approach","Night",1,1,1
"Hooded merganser","En Route","Night",1,1,1
"Hooded merganser","Landing Roll","Night",1,1,1
"Horned grebe","Climb","Day",1,1,1
"Horned grebe","Descent","Day",1,1,1
"Horned grebe","En Route","Night",1,1,1
"Horse","Landing Roll","Day",1,1,1
"House sparrow","Climb","Dawn",1,1,1
"Hudsonian godwit","Climb","Dawn",1,1,1
"Iceland gull","Take-off Run","Day",1,1,1
"Kittiwakes","Landing Roll","Day",1,1,1
"Ladder-backed woodpecker","En Route","Night",1,1,1
"Lappet-faced vulture","Climb","Day",1,1,1
"Laysan albatross","Climb","Dawn",1,1,1
"Laysan albatross","Climb","Night",1,1,1
"Least flycatcher","Departure","Night",1,1,1
"Lesser black-backed gull","Climb","Dawn",1,1,1
"Lesser black-backed gull","Climb","Night",1,1,1
"Lesser black-backed gull","Landing Roll","Day",1,1,1
"Lesser scaup","En Route","Day",1,1,1
"Lesser scaup","Landing Roll","Night",1,1,1
"Lesser yellowlegs","Climb","Day",1,1,1
"Lesser yellowlegs","Descent","Day",1,1,1
"Lesser yellowlegs","En Route","Day",1,1,1
"Lincoln's sparrow","Descent","Day",1,1,1
"Long-billed curlew","Take-off Run","Dawn",1,1,1
"Long-eared owl","Climb","Night",1,1,1
"Long-tailed duck","Approach","Night",1,1,1
"Long-tailed duck","En Route","Day",1,1,1
"Louisiana waterthrush","Landing Roll","Day",1,1,1
"Magnificent frigatebird","Descent","Day",1,1,1
"Mallard","Descent","Day",1,1,1
"Mallard/mottled duck complex","Take-off Run","Day",1,1,1
"Marsh wren","Climb","Night",1,1,1
"Moose","Landing Roll","Dusk",1,1,1
"Moose","Local","Day",1,1,1
"Moose","Take-off Run","Day",1,1,1
"Moose","Take-off Run","Night",1,1,1
"Moose","Taxi","Day",1,1,1
"Mottled duck","Approach","Night",1,1,1
"Mourning dove","En Route","Dawn",1,1,1
"Mule deer","Approach","Dusk",1,1,1
"Mule deer","Climb","Night",1,1,1
"Mule deer","Landing Roll","Dawn",1,1,1
"Muscovy duck","Landing Roll","Dusk",1,1,1
"Mute swan","Approach","Day",1,1,1
"Mute swan","Approach","Night",1,1,1
"Mute swan","Climb","Day",1,1,1
"New World vultures","Climb","Dawn",1,1,1
"New World vultures","Local","Day",1,1,1
"Northern bobwhite","Climb","Dawn",1,1,1
"Northern harrier","Approach","Dawn",1,1,1
"Northern harrier","Approach","Night",1,1,1
"Northern harrier","Climb","Dusk",1,1,1
"Northern lapwing","Climb","Day",1,1,1
"Northern mockingbird","Departure","Day",1,1,1
"Northern pintail","En Route","Night",1,1,1
"Northern pintail","Landing Roll","Dawn",1,1,1
"Northern saw-whet owl","Descent","Night",1,1,1
"Northern shoveler","Approach","Dawn",1,1,1
"Northern shoveler","Climb","Dawn",1,1,1
"Northern shoveler","Climb","Dusk",1,1,1
"Northern shoveler","Descent","Dusk",1,1,1
"Old World vultures","Approach","Day",1,1,1
"Osprey","Arrival","Day",1,1,1
"Osprey","Climb","Night",1,1,1
"Owls","Local","Dawn",1,1,1
"Pacific loon","En Route","Day",1,1,1
"Pectoral sandpiper","Climb","Day",1,1,1
"Pectoral sandpiper","Climb","Dusk",1,1,1
"Pelicans","Local","Day",1,1,1
"Peregrine falcon","Take-off Run","Night",1,1,1
"Pheasants","Approach","Day",1,1,1
"Philippine duck","Take-off Run","Night",1,1,1
"Pied-billed grebe","Approach","Day",1,1,1
"Piping plover","Climb","Day",1,1,1
"Plovers, lapwings","Approach","Dawn",1,1,1
"Prairie falcon","En Route","Day",1,1,1
"Pronghorn","Landing Roll","Night",1,1,1
"Pronghorn","Take-off Run","Day",1,1,1
"Pronghorn","Take-off Run","Dusk",1,1,1
"Ptarmigans","Take-off Run","Day",1,1,1
"Purple gallinule","En Route","Night",1,1,1
"Quails, pheasants","Take-off Run","Dawn",1,1,1
"Rails","Take-off Run","Day",1,1,1
"Red-breasted merganser","Approach","Day",1,1,1
"Red-eyed vireo","Approach","Dusk",1,1,1
"Red-naped sapsucker","Climb","Day",1,1,1
"Red-necked grebe","Arrival","Day",1,1,1
"Red-necked grebe","Climb","Day",1,1,1
"Red-necked grebe","Take-off Run","Night",1,1,1
"Red-shouldered hawk","En Route","Night",1,1,1
"Red-tailed hawk","Taxi","Dawn",1,1,1
"Red-tailed tropicbird","Climb","Day",1,1,1
"Red-throated loon","Approach","Night",1,1,1
"Red-throated loon","En Route","Dawn",1,1,1
"Red-throated loon","En Route","Day",1,1,1
"Red-winged blackbird","Landing Roll","Dusk",1,1,1
"Redhead","Approach","Day",1,1,1
"Redhead","Approach","Dusk",1,1,1
"Redhead","Climb","Dawn",1,1,1
"Redhead","Climb","Night",1,1,1
"Ring-billed gull","En Route","Dusk",1,1,1
"Ring-billed gull","En Route","Night",1,1,1
"Ring-necked duck","Descent","Night",1,1,1
"River otter","Landing Roll","Day",1,1,1
"Rock pigeon","En Route","Dusk",1,1,1
"Rock ptarmigan","En Route","Dusk",1,1,1
"Rough-legged hawk","Landing Roll","Dawn",1,1,1
"Royal tern","Climb","Dawn",1,1,1
"Royal tern","Take-off Run","Day",1,1,1
"Ruddy duck","Climb","Dusk",1,1,1
"Ruddy duck","En Route","Night",1,1,1
"Ruddy duck","Landing Roll","Day",1,1,1
"Sandhill crane","Climb","Dawn",1,1,1
"Sandhill crane","Climb","Dusk",1,1,1
"Sandhill crane","Descent","Day",1,1,1
"Scaly-naped pigeon","Departure","Day",1,1,1
"Sedge wren","Climb","Night",1,1,1
"Sharp-tailed grouse","En Route","Day",1,1,1
"Short-billed dowitcher","Climb","Dusk",1,1,1
"Short-billed gull","Climb","Night",1,1,1
"Short-eared owl","En Route","Night",1,1,1
"Snow goose","Approach","Dawn",1,1,1
"Snow goose","Approach","Dusk",1,1,1
"Snow goose","Descent","Day",1,1,1
"Snow goose","Take-off Run","Dawn",1,1,1
"Snow goose","Take-off Run","Night",1,1,1
"Snow goose/Ross's goose complex","Approach","Dusk",1,1,1
"Snow goose/Ross's goose complex","Descent","Day",1,1,1
"Snow goose/Ross's goose complex","En Route","Night",1,1,1
"Snowy egret","En Route","Dusk",1,1,1
"Sooty tern","En Route","Day",1,1,1
"Sora","Descent","Day",1,1,1
"Southern lapwing","Take-off Run","Night",1,1,1
"Spotted dove","Take-off Run","Night",1,1,1
"Spotted thick-knee","Local","Night",1,1,1
"Spur-winged lapwing","Departure","Day",1,1,1
"Surfbird","Landing Roll","Night",1,1,1
"Swainson's hawk","Departure","Day",1,1,1
"Swainson's hawk","Descent","Day",1,1,1
"Swans","Taxi","Day",1,1,1
"Swifts","En Route","Day",1,1,1
"Swine (pigs)","Approach","Night",1,1,1
"Swine (pigs)","Landing Roll","Dusk",1,1,1
"Terns, noddies","Climb","Dawn",1,1,1
"Terns, noddies","En Route","Day",1,1,1
"Townsend's solitaire","Approach","Night",1,1,1
"Trumpeter swan","Approach","Day",1,1,1
"Trumpeter swan","Climb","Day",1,1,1
"Tundra swan","Approach","Dusk",1,1,1
"Tundra swan","Climb","Dusk",1,1,1
"Tundra swan","Climb","Night",1,1,1
"Tundra swan","En Route","Day",1,1,1
"Turkey vulture","Climb","Dawn",1,1,1
"Turkey vulture","En Route","Dusk",1,1,1
"Turkey vulture","Landing Roll","Night",1,1,1
"Veery","Descent","Day",1,1,1
"Veery","En Route","Night",1,1,1
"Violet-green swallow","Departure","Day",1,1,1
"Wapiti (elk)","Approach","Day",1,1,1
"Wapiti (elk)","Approach","Night",1,1,1
"Wapiti (elk)","Climb","Day",1,1,1
"Wapiti (elk)","Take-off Run","Dusk",1,1,1
"Wapiti (elk)","Take-off Run","Night",1,1,1
"Western barn owl","Climb","Day",1,1,1
"Western grebe","Climb","Day",1,1,1
"Western grebe","Landing Roll","Night",1,1,1
"Western grebe","Take-off Run","Day",1,1,1
"Western grebe","Take-off Run","Dusk",1,1,1
"Western mastiff bat","Approach","Night",1,1,1
"Western tanager","En Route","Night",1,1,1
"Whimbrel","Descent","Night",1,1,1
"Whimbrel","Take-off Run","Day",1,1,1
"White-bellied sea-eagle","Take-off Run","Day",1,1,1
"White-crowned sparrow","Take-off Run","Night",1,1,1
"White-fronted Swift","Approach","Night",1,1,1
"White-headed gull complex","Departure","Day",1,1,1
"White-headed gull complex","En Route","Dawn",1,1,1
"White-rumped sandpiper","Arrival","Day",1,1,1
"White-tailed deer","Arrival","Day",1,1,1
"White-tailed kite","Departure","Day",1,1,1
"White-winged dove","Departure","Day",1,1,1
"White-winged scoter","Approach","Dusk",1,1,1
"White-winged scoter","Climb","Day",1,1,1
"White-winged scoter","Climb","Night",1,1,1
"White-winged scoter","En Route","Dusk",1,1,1
"White-winged scoter","Take-off Run","Night",1,1,1
"White ibis","Climb","Day",1,1,1
"White ibis","En Route","Day",1,1,1
"Whooping crane","Landing Roll","Night",1,1,1
"Wild turkey","Take-off Run","Dawn",1,1,1
"Wild turkey","Take-off Run","Night",1,1,1
"Willow ptarmigan","Climb","Day",1,1,1
"Willow ptarmigan","Climb","Dusk",1,1,1
"Wilson's phalarope","Climb","Day",1,1,1
"Wood duck","Climb","Day",1,1,1
"Wood duck","Climb","Dusk",1,1,1
"Wood duck","En Route","Dusk",1,1,1
"Wood duck","Take-off Run","Day",1,1,1
"Wrens","Take-off Run","Dawn",1,1,1
"Yellow-bellied sapsucker","Departure","Day",1,1,1
"Yellow-bellied sapsucker","Descent","Day",1,1,1
"Yellow-crowned night heron","Arrival","Night",1,1,1
"Yellow-crowned night heron","Climb","Night",1,1,1
"Yellow-crowned night heron","Descent","Night",1,1,1
"Yellow-crowned night heron","En Route","Night",1,1,1
"Yellow-headed blackbird","Take-off Run","Day",1,1,1
"Yellow-legged gull","Climb","Night",1,1,1
"Snow goose","Climb","Night",22,21,0.954545454545455
"White-tailed deer","Landing Roll","Day",127,119,0.937007874015748
"Geese","En Route","Day",13,12,0.923076923076923
"Mallard","En Route","Night",24,22,0.916666666666667
"Double-crested cormorant","En Route","Day",11,10,0.909090909090909
"Brown pelican","En Route","Day",10,9,0.9
"White-tailed deer","Landing Roll","Dusk",81,72,0.888888888888889
"Domestic/feral dog","Landing Roll","Day",9,8,0.888888888888889
"Lesser scaup","Climb","Night",9,8,0.888888888888889
"Osprey","En Route","Day",9,8,0.888888888888889
"Turkey vulture","En Route","Day",129,113,0.875968992248062
"Anhinga","En Route","Day",8,7,0.875
"White-tailed deer","Climb","Day",8,7,0.875
"Snow goose","En Route","Night",15,13,0.866666666666667
"White-tailed deer","Landing Roll","Night",490,423,0.863265306122449
"Lesser scaup","En Route","Night",7,6,0.857142857142857
"Greater white-fronted goose","Climb","Night",13,11,0.846153846153846
"American coot","En Route","Night",19,16,0.842105263157895
"Red-tailed hawk","En Route","Day",48,40,0.833333333333333
"Bald eagle","Approach","Dusk",6,5,0.833333333333333
"Herring gull","En Route","Day",6,5,0.833333333333333
"Northern pintail","Climb","Dawn",6,5,0.833333333333333
"White-tailed deer","Approach","Night",53,44,0.830188679245283
"White-tailed deer","Climb","Night",22,18,0.818181818181818
"Brant","Approach","Night",11,9,0.818181818181818
"Black vulture","En Route","Day",43,35,0.813953488372093
"White-tailed deer","Take-off Run","Day",75,61,0.813333333333333
"Mule deer","Landing Roll","Day",21,17,0.80952380952381
"Canada goose","En Route","Day",36,29,0.805555555555556
"White-tailed deer","Take-off Run","Night",161,129,0.801242236024845
"Bald eagle","En Route","Day",30,24,0.8
"Ducks, geese, swans","En Route","Night",10,8,0.8
"American wigeon","Approach","Dusk",5,4,0.8
"Golden eagle","Climb","Day",5,4,0.8
"Magnificent frigatebird","Approach","Day",5,4,0.8
"Northern pintail","Climb","Dusk",5,4,0.8
"Redhead","Approach","Night",5,4,0.8
"Ring-billed gull","En Route","Day",5,4,0.8
"Ring-necked duck","Climb","Night",5,4,0.8
"Sandhill crane","Take-off Run","Night",5,4,0.8
"Tundra swan","Climb","Day",5,4,0.8
"Turkey vulture","Approach","Dusk",5,4,0.8
"White-tailed deer","Taxi","Day",5,4,0.8
"Geese","En Route","Night",24,19,0.791666666666667
"Northern pintail","Climb","Day",14,11,0.785714285714286
"Canada goose","Descent","Night",9,7,0.777777777777778
"Common loon","Climb","Day",9,7,0.777777777777778
"Mallard","En Route","Day",9,7,0.777777777777778
"White-tailed deer","Landing Roll","Dawn",9,7,0.777777777777778
"New World vultures","En Route","Day",61,47,0.770491803278688
"Mule deer","Take-off Run","Night",13,10,0.769230769230769
"Canada goose","En Route","Night",20,15,0.75
"Snow goose","Climb","Day",16,12,0.75
"Bald eagle","Landing Roll","Dawn",4,3,0.75
"Coyote","Climb","Night",4,3,0.75
"Falcons, kestrels, falconets","Climb","Day",4,3,0.75
"Gadwall","Climb","Day",4,3,0.75
"Gadwall","En Route","Night",4,3,0.75
"Great blue heron","Approach","Dawn",4,3,0.75
"Green-winged teal","Climb","Night",4,3,0.75
"Green-winged teal","En Route","Night",4,3,0.75
"Hawks","En Route","Night",4,3,0.75
"Mule deer","Climb","Day",4,3,0.75
"Northern flicker","Climb","Night",4,3,0.75
"Northern shoveler","Climb","Day",4,3,0.75
"Snow goose/Ross's goose complex","Climb","Day",4,3,0.75
"Snow goose/Ross's goose complex","Climb","Night",4,3,0.75
"White-headed gull complex","En Route","Day",4,3,0.75
"Yellow-billed cuckoo","Approach","Day",4,3,0.75
"Sandhill crane","Climb","Day",23,17,0.739130434782609
"White-tailed deer","Take-off Run","Dawn",15,11,0.733333333333333
"Ducks","En Route","Day",26,19,0.730769230769231
"Hawks","En Route","Day",48,35,0.729166666666667
"Common loon","Approach","Day",22,16,0.727272727272727
"Northern shoveler","Climb","Night",11,8,0.727272727272727
"Snow goose","Approach","Night",80,58,0.725
"Greater white-fronted goose","Approach","Night",54,39,0.722222222222222
"Black vulture","Approach","Day",208,150,0.721153846153846
"Double-crested cormorant","Climb","Day",39,28,0.717948717948718
"Northern pintail","Climb","Night",21,15,0.714285714285714
"American white pelican","Climb","Day",14,10,0.714285714285714
"Greater white-fronted goose","Climb","Day",7,5,0.714285714285714
"Wood stork","Climb","Day",7,5,0.714285714285714
"Tropicbirds","En Route","Day",10,7,0.7
"Black vulture","Climb","Day",80,55,0.6875
"Anhinga","Climb","Day",22,15,0.681818181818182
"White-tailed deer","Approach","Dusk",27,18,0.666666666666667
"Snow goose","Approach","Day",12,8,0.666666666666667
"White-tailed deer","Climb","Dusk",9,6,0.666666666666667
"Brown pelican","Take-off Run","Day",6,4,0.666666666666667
"Great blue heron","Climb","Dawn",6,4,0.666666666666667
"Ruddy duck","Climb","Night",6,4,0.666666666666667
"American barn owl","Descent","Night",3,2,0.666666666666667
"American white pelican","En Route","Day",3,2,0.666666666666667
"Bald eagle","Take-off Run","Night",3,2,0.666666666666667
"Black vulture","Local","Day",3,2,0.666666666666667
"Brant","Climb","Day",3,2,0.666666666666667
"Canada goose","Arrival","Day",3,2,0.666666666666667
"Common goldeneye","Climb","Day",3,2,0.666666666666667
"Common merganser","Climb","Day",3,2,0.666666666666667
"Doves","En Route","Day",3,2,0.666666666666667
"Ducks, geese, swans","En Route","Day",3,2,0.666666666666667
"Geese","En Route","Dusk",3,2,0.666666666666667
"Glaucous-winged gull","En Route","Day",3,2,0.666666666666667
"Great black-backed gull","Climb","Night",3,2,0.666666666666667
"Greater white-fronted goose","Climb","Dawn",3,2,0.666666666666667
"Hermit thrush","En Route","Night",3,2,0.666666666666667
"Lagomorphs (rabbits, hares)","Landing Roll","Night",3,2,0.666666666666667
"Lesser scaup","Approach","Day",3,2,0.666666666666667
"Long-tailed duck","Climb","Night",3,2,0.666666666666667
"Mule deer","Approach","Night",3,2,0.666666666666667
"Northern pintail","Landing Roll","Night",3,2,0.666666666666667
"Northern shoveler","Descent","Day",3,2,0.666666666666667
"Osprey","Climb","Dawn",3,2,0.666666666666667
"Pelicans","Approach","Day",3,2,0.666666666666667
"Red-necked phalarope","Climb","Night",3,2,0.666666666666667
"Red-tailed hawk","Local","Night",3,2,0.666666666666667
"Ring-necked pheasant","Take-off Run","Night",3,2,0.666666666666667
"Ruddy duck","Approach","Day",3,2,0.666666666666667
"Sandhill crane","Approach","Dusk",3,2,0.666666666666667
"Thrushes","En Route","Night",3,2,0.666666666666667
"Varied thrush","En Route","Night",3,2,0.666666666666667
"Wood thrush","Climb","Night",3,2,0.666666666666667
"Ducks","En Route","Night",57,37,0.649122807017544
"Turkey vulture","Climb","Day",268,173,0.645522388059702
"Canada goose","Climb","Day",234,151,0.645299145299145
"White-tailed deer","Take-off Run","Dusk",31,20,0.645161290322581
"Anhinga","Approach","Day",25,16,0.64
"American wigeon","Approach","Day",11,7,0.636363636363636
"Brown pelican","Climb","Day",11,7,0.636363636363636
"Gadwall","Climb","Night",11,7,0.636363636363636
"Canada goose","Approach","Night",335,212,0.632835820895522
"Canada goose","Climb","Night",65,41,0.630769230769231
"Bald eagle","Climb","Day",62,39,0.629032258064516
"Snow goose/Ross's goose complex","Approach","Night",24,15,0.625
"American wigeon","Climb","Night",8,5,0.625
"Gulls","En Route","Dusk",8,5,0.625
"Canada goose","Climb","Dusk",29,18,0.620689655172414
"White-tailed deer","Taxi","Night",13,8,0.615384615384615
"New World vultures","Approach","Day",185,112,0.605405405405405
"Canada goose","Approach","Dusk",91,55,0.604395604395604
"Gulls","En Route","Day",121,73,0.603305785123967
"Canada goose","Climb","Dawn",20,12,0.6
"American white pelican","Approach","Day",15,9,0.6
"Broad-winged hawk","Climb","Day",15,9,0.6
"American crow","En Route","Day",5,3,0.6
"Blue-winged teal","Climb","Night",5,3,0.6
"Crested caracara","Approach","Day",5,3,0.6
"Eagles","Approach","Day",5,3,0.6
"Franklin's gull","Approach","Night",5,3,0.6
"Great horned owl","Climb","Night",5,3,0.6
"Mallard","Descent","Night",5,3,0.6
"Red-throated loon","Approach","Day",5,3,0.6
"White-headed gull complex","Climb","Night",5,3,0.6
"Yellow-billed cuckoo","Climb","Night",5,3,0.6
"New World vultures","Climb","Day",102,60,0.588235294117647
"White-faced ibis","Approach","Night",12,7,0.583333333333333
"Ducks, geese, swans","Approach","Dusk",7,4,0.571428571428571
"Gulls","Descent","Night",7,4,0.571428571428571
"Raptors: Hawks, eagles, vultures, kites, osprey, falcons, caracaras","En Route","Day",7,4,0.571428571428571
"White-tailed deer","Local","Night",7,4,0.571428571428571
"White-tailed tropicbird","En Route","Day",23,13,0.565217391304348
"Blue-winged teal","Approach","Night",32,18,0.5625
"American coot","Climb","Night",27,15,0.555555555555556
"Blackbirds","En Route","Day",9,5,0.555555555555556
"Cackling goose","Approach","Day",9,5,0.555555555555556
"Ducks, geese, swans","Climb","Night",9,5,0.555555555555556
"Sandhill crane","Landing Roll","Dusk",11,6,0.545454545454545
"Ducks, geese, swans","Approach","Day",24,13,0.541666666666667
"Canada goose","Approach","Dawn",26,14,0.538461538461538
"Ducks","Climb","Dusk",13,7,0.538461538461538
"Golden eagle","Approach","Day",13,7,0.538461538461538
"White-headed gull complex","Climb","Day",47,25,0.531914893617021
"Mallard","Climb","Night",32,17,0.53125
"Ring-necked duck","Approach","Night",19,10,0.526315789473684
"Western/Clark's grebe complex","Approach","Night",19,10,0.526315789473684
"Geese","Approach","Night",145,76,0.524137931034483
"Ducks","Climb","Night",44,23,0.522727272727273
"Geese","Climb","Night",48,25,0.520833333333333
"Geese","Climb","Day",50,26,0.52
"Geese","Approach","Day",97,50,0.515463917525773
"Lesser scaup","Approach","Night",37,19,0.513513513513513
"Ruddy duck","Approach","Night",37,19,0.513513513513513
"White-tailed deer","Approach","Day",39,20,0.512820512820513
"Turkey vulture","Approach","Day",442,226,0.51131221719457
"Gadwall","Approach","Night",45,23,0.511111111111111
"Canada goose","Take-off Run","Dawn",30,15,0.5
"Glaucous-winged gull","Approach","Day",24,12,0.5
"Ducks, geese, swans","Climb","Day",18,9,0.5
"Canvasback","Approach","Night",14,7,0.5
"Herring gull","Climb","Dawn",12,6,0.5
"Cackling goose","Approach","Night",10,5,0.5
"Great blue heron","Climb","Night",10,5,0.5
"Herring gull","Take-off Run","Dusk",10,5,0.5
"Yellow-billed cuckoo","En Route","Night",10,5,0.5
"Bald eagle","Take-off Run","Dawn",8,4,0.5
"Geese","Climb","Dusk",8,4,0.5
"American black duck","Approach","Night",6,3,0.5
"Domestic/feral dog","Take-off Run","Night",6,3,0.5
"Ducks","En Route","Dusk",6,3,0.5
"European starling","En Route","Day",6,3,0.5
"Great black-backed gull","Climb","Day",6,3,0.5
"Greater yellowlegs","Approach","Night",6,3,0.5
"Magnificent frigatebird","En Route","Day",6,3,0.5
"Mottled duck","Take-off Run","Day",6,3,0.5
"Western grebe","Approach","Night",6,3,0.5
"Wilson's phalarope","Climb","Night",6,3,0.5
"American crow","Climb","Night",4,2,0.5
"American wigeon","Descent","Night",4,2,0.5
"Bald eagle","Climb","Dusk",4,2,0.5
"Ducks, geese, swans","Climb","Dusk",4,2,0.5
"Egrets","Climb","Night",4,2,0.5
"European starling","En Route","Night",4,2,0.5
"Fox sparrow","Climb","Night",4,2,0.5
"Glaucous gull","Climb","Day",4,2,0.5
"Grasshopper sparrow","Climb","Night",4,2,0.5
"Grebes","Approach","Night",4,2,0.5
"Herons","Climb","Day",4,2,0.5
"Horned grebe","Approach","Night",4,2,0.5
"Osprey","Approach","Night",4,2,0.5
"Pectoral sandpiper","Descent","Day",4,2,0.5
"Red-tailed hawk","Climb","Night",4,2,0.5
"Sandhill crane","En Route","Day",4,2,0.5
"White-headed gull complex","Take-off Run","Night",4,2,0.5
"American barn owl","Take-off Run","Dusk",2,1,0.5
"American black duck","Approach","Dusk",2,1,0.5
"American black duck","Climb","Night",2,1,0.5
"American black duck","Take-off Run","Night",2,1,0.5
"American coot","Landing Roll","Day",2,1,0.5
"American crow","En Route","Night",2,1,0.5
"American crow","Take-off Run","Dusk",2,1,0.5
"American wigeon","Climb","Dusk",2,1,0.5
"American wigeon","En Route","Day",2,1,0.5
"Arctic tern","Climb","Day",2,1,0.5
"Bald eagle","Climb","Dawn",2,1,0.5
"Band-tailed pigeon","Descent","Night",2,1,0.5
"Belted kingfisher","Approach","Day",2,1,0.5
"Black-and-white warbler","Descent","Day",2,1,0.5
"Black-billed magpie","Approach","Day",2,1,0.5
"Black-crowned night heron","Approach","Day",2,1,0.5
"Black-crowned night heron","Climb","Night",2,1,0.5
"Black vulture","Descent","Day",2,1,0.5
"Blackbirds","En Route","Night",2,1,0.5
"Blue-headed vireo","Approach","Day",2,1,0.5
"Blue-winged teal","Climb","Day",2,1,0.5
"Blue-winged teal","Departure","Night",2,1,0.5
"Brewer's blackbird","Landing Roll","Day",2,1,0.5
"Brewer's blackbird","Take-off Run","Day",2,1,0.5
"Brown pelican","Climb","Night",2,1,0.5
"Bufflehead","Approach","Day",2,1,0.5
"Bufflehead","Climb","Night",2,1,0.5
"Bufflehead","En Route","Night",2,1,0.5
"Burrowing owl","Arrival","Night",2,1,0.5
"Burrowing owl","Climb","Dusk",2,1,0.5
"California gull","Climb","Dawn",2,1,0.5
"California gull","Take-off Run","Night",2,1,0.5
"Canvasback","Climb","Day",2,1,0.5
"Caspian tern","Climb","Night",2,1,0.5
"Chimney swift","En Route","Dusk",2,1,0.5
"Cliff swallow","Climb","Night",2,1,0.5
"Common raven","Take-off Run","Dawn",2,1,0.5
"Common swift","Approach","Day",2,1,0.5
"Common yellowthroat","En Route","Day",2,1,0.5
"Cooper's hawk","Approach","Dawn",2,1,0.5
"Crows","Climb","Dawn",2,1,0.5
"Crows","En Route","Day",2,1,0.5
"Crows, ravens","Approach","Day",2,1,0.5
"Ducks","Local","Night",2,1,0.5
"Ducks, geese, swans","Descent","Night",2,1,0.5
"Eastern meadowlark","Climb","Night",2,1,0.5
"Eurasian kestrel","Take-off Run","Day",2,1,0.5
"Falcons, caracaras","Climb","Day",2,1,0.5
"Foxes","Take-off Run","Dusk",2,1,0.5
"Franklin's gull","Climb","Night",2,1,0.5
"Gadwall","Approach","Dawn",2,1,0.5
"Geese","Arrival","Day",2,1,0.5
"Gray partridge","Take-off Run","Day",2,1,0.5
"Great egret","Climb","Dusk",2,1,0.5
"Great horned owl","Approach","Day",2,1,0.5
"Great horned owl","Climb","Day",2,1,0.5
"Greater sage-grouse","Take-off Run","Dusk",2,1,0.5
"Greater scaup","Approach","Day",2,1,0.5
"Greater scaup","Climb","Night",2,1,0.5
"Greater white-fronted goose","En Route","Night",2,1,0.5
"Gulls","En Route","Dawn",2,1,0.5
"Hawks","Departure","Night",2,1,0.5
"Helmeted guineafowl","Take-off Run","Day",2,1,0.5
"Herons","Climb","Night",2,1,0.5
"Hooded merganser","Climb","Night",2,1,0.5
"House sparrow","Approach","Night",2,1,0.5
"House sparrow","En Route","Day",2,1,0.5
"Lark sparrow","Climb","Night",2,1,0.5
"Laysan albatross","Take-off Run","Day",2,1,0.5
"Little blue heron","Take-off Run","Day",2,1,0.5
"Long-billed curlew","Climb","Day",2,1,0.5
"Loons","En Route","Day",2,1,0.5
"Mallard","Local","Dusk",2,1,0.5
"Mallard/American black duck complex","Climb","Day",2,1,0.5
"Megabats","Climb","Night",2,1,0.5
"New World vultures","Approach","Night",2,1,0.5
"New World vultures","Departure","Day",2,1,0.5
"Northern bobwhite","Take-off Run","Day",2,1,0.5
"Northern pintail","Descent","Day",2,1,0.5
"Northern pintail","En Route","Day",2,1,0.5
"Northern saw-whet owl","Approach","Night",2,1,0.5
"Owls","En Route","Night",2,1,0.5
"Pectoral sandpiper","Approach","Dusk",2,1,0.5
"Perching birds (y)","Departure","Night",2,1,0.5
"Peregrine falcon","Landing Roll","Night",2,1,0.5
"Peregrine falcon","Take-off Run","Dusk",2,1,0.5
"Pine siskin","Climb","Day",2,1,0.5
"Pronghorn","Take-off Run","Night",2,1,0.5
"Red-tailed hawk","En Route","Night",2,1,0.5
"Redhead","Climb","Day",2,1,0.5
"Ring-billed gull","Arrival","Day",2,1,0.5
"Ring-billed gull","Climb","Dusk",2,1,0.5
"Ring-billed gull","Descent","Night",2,1,0.5
"Ring-necked pheasant","Take-off Run","Dusk",2,1,0.5
"Roseate spoonbill","Climb","Day",2,1,0.5
"Rough-legged hawk","Take-off Run","Night",2,1,0.5
"Sandhill crane","Take-off Run","Dusk",2,1,0.5
"Short-eared owl","En Route","Day",2,1,0.5
"Snow goose/Ross's goose complex","Climb","Dawn",2,1,0.5
"Snowy egret","Landing Roll","Dawn",2,1,0.5
"Snowy owl","Climb","Dawn",2,1,0.5
"Song sparrow","Approach","Dawn",2,1,0.5
"Surf scoter","Approach","Night",2,1,0.5
"Swainson's hawk","Take-off Run","Dusk",2,1,0.5
"Swans","Climb","Day",2,1,0.5
"Tundra swan","Approach","Day",2,1,0.5
"Varied thrush","Approach","Dawn",2,1,0.5
"Varied thrush","Climb","Day",2,1,0.5
"Veery","Climb","Day",2,1,0.5
"Wedge-tailed shearwater","Take-off Run","Night",2,1,0.5
"Western cattle egret","Approach","Dusk",2,1,0.5
"Western cattle egret","Climb","Dusk",2,1,0.5
"Western cattle egret","Climb","Night",2,1,0.5
"Western grebe","Approach","Day",2,1,0.5
"Western gull","Landing Roll","Dawn",2,1,0.5
"Western sandpiper","Climb","Dusk",2,1,0.5
"Western sandpiper","Descent","Night",2,1,0.5
"Whimbrel","Descent","Day",2,1,0.5
"White-crowned sparrow","Descent","Night",2,1,0.5
"White-faced ibis","Climb","Day",2,1,0.5
"White-headed gull complex","Descent","Night",2,1,0.5
"White-headed gull complex","Take-off Run","Dawn",2,1,0.5
"White-tailed deer","Approach","Dawn",2,1,0.5
"White-tailed deer","Climb","Dawn",2,1,0.5
"Wilson's phalarope","Descent","Night",2,1,0.5
"Wood duck","Climb","Night",2,1,0.5
"Wood duck","En Route","Dawn",2,1,0.5
"Wood stork","Approach","Night",2,1,0.5
"Wood stork","En Route","Day",2,1,0.5
"Yellow-bellied sapsucker","En Route","Night",2,1,0.5
"Yellow-billed cuckoo","Climb","Day",2,1,0.5
"Yellow-billed cuckoo","Descent","Day",2,1,0.5
"Yellow-billed cuckoo","Descent","Night",2,1,0.5
"Yellow-headed blackbird","Climb","Night",2,1,0.5
"Zebra dove","Approach","Dawn",2,1,0.5
"Bald eagle","Approach","Day",126,61,0.484126984126984
"American robin","En Route","Night",17,8,0.470588235294118
"Raptors: Hawks, eagles, vultures, kites, osprey, falcons, caracaras","Climb","Day",15,7,0.466666666666667
"Canada goose","Take-off Run","Night",37,17,0.459459459459459
"Canada goose","Approach","Day",406,185,0.455665024630542
"Geese","Approach","Dusk",22,10,0.454545454545455
"Common raven","Climb","Day",11,5,0.454545454545455
"Crested caracara","Take-off Run","Day",11,5,0.454545454545455
"Mallard","Climb","Dusk",11,5,0.454545454545455
"Osprey","Climb","Day",53,24,0.452830188679245
"Sandhill crane","Take-off Run","Day",31,14,0.451612903225806
"Ducks, geese, swans","Approach","Night",51,23,0.450980392156863
"Osprey","Approach","Day",171,77,0.450292397660819
"Canada goose","Landing Roll","Night",69,31,0.449275362318841
"Wild turkey","Landing Roll","Day",47,21,0.446808510638298
"Herring gull","Approach","Dawn",18,8,0.444444444444444
"Hooded merganser","Approach","Night",9,4,0.444444444444444
"Turkey vulture","Approach","Night",9,4,0.444444444444444
"Canada goose","Take-off Run","Dusk",16,7,0.4375
"Mallard","Approach","Night",209,91,0.435406698564593
"Broad-winged hawk","Approach","Day",23,10,0.434782608695652
"Swainson's hawk","Climb","Day",23,10,0.434782608695652
"Northern pintail","Approach","Night",136,59,0.433823529411765
"Wood duck","Approach","Night",28,12,0.428571428571429
"Red-shouldered hawk","Approach","Day",14,6,0.428571428571429
"Great blue heron","Approach","Dusk",7,3,0.428571428571429
"Rock pigeon","En Route","Day",7,3,0.428571428571429
"Wood stork","Approach","Day",7,3,0.428571428571429
"Red-tailed hawk","Climb","Day",247,105,0.425101214574899
"Great horned owl","Take-off Run","Night",19,8,0.421052631578947
"Sandhill crane","Approach","Day",24,10,0.416666666666667
"American wigeon","Approach","Night",46,19,0.41304347826087
"Great blue heron","Approach","Night",46,19,0.41304347826087
"Great blue heron","Climb","Day",39,16,0.41025641025641
"Western gull","Climb","Day",22,9,0.409090909090909
"Double-crested cormorant","Approach","Day",64,26,0.40625
"Sandhill crane","Landing Roll","Day",32,13,0.40625
"Mallard","Approach","Dusk",37,15,0.405405405405405
"Northern shoveler","Approach","Night",65,26,0.4
"Grackles","Climb","Day",10,4,0.4
"Ring-billed gull","Climb","Dawn",10,4,0.4
"American robin","Arrival","Night",5,2,0.4
"Bald eagle","Departure","Day",5,2,0.4
"Cooper's hawk","Take-off Run","Dusk",5,2,0.4
"Double-crested cormorant","Climb","Dawn",5,2,0.4
"Eastern cottontail","Landing Roll","Day",5,2,0.4
"Geese","Climb","Dawn",5,2,0.4
"Geese","Descent","Night",5,2,0.4
"Glaucous-winged gull","Take-off Run","Dawn",5,2,0.4
"Hawks","Descent","Day",5,2,0.4
"Red-tailed hawk","Descent","Day",5,2,0.4
"Sharp-shinned hawk","Approach","Day",5,2,0.4
"Turkey vulture","Climb","Night",5,2,0.4
"White-tailed kite","Climb","Day",5,2,0.4
"Wilson's snipe","En Route","Night",5,2,0.4
"Canada goose","Landing Roll","Dusk",43,17,0.395348837209302
"Canada goose","Take-off Run","Day",193,76,0.393782383419689
"Ducks","Climb","Day",77,30,0.38961038961039
"Mallard/American black duck complex","Approach","Night",18,7,0.388888888888889
"Bufflehead","Approach","Night",13,5,0.384615384615385
"Gulls","Descent","Day",13,5,0.384615384615385
"Red-tailed hawk","Climb","Dusk",13,5,0.384615384615385
"Sandhill crane","Landing Roll","Night",13,5,0.384615384615385
"Turkey vulture","Local","Day",13,5,0.384615384615385
"Glaucous-winged gull","Climb","Day",16,6,0.375
"Mallard","Take-off Run","Dusk",8,3,0.375
"Mallard","Climb","Day",71,26,0.366197183098592
"Canada goose","Landing Roll","Day",178,65,0.365168539325843
"Bald eagle","Take-off Run","Day",88,32,0.363636363636364
"Ring-necked pheasant","Landing Roll","Day",22,8,0.363636363636364
"Common raven","Take-off Run","Day",11,4,0.363636363636364
"Greater white-fronted goose","Approach","Day",11,4,0.363636363636364
"Mourning dove","En Route","Night",11,4,0.363636363636364
"New World vultures","Landing Roll","Day",11,4,0.363636363636364
"Rough-legged hawk","Approach","Day",11,4,0.363636363636364
"Western cattle egret","Approach","Night",14,5,0.357142857142857
"Wild turkey","Approach","Day",14,5,0.357142857142857
"Snowy owl","Take-off Run","Day",26,9,0.346153846153846
"Gulls","Climb","Dusk",35,12,0.342857142857143
"California gull","Climb","Day",27,9,0.333333333333333
"Ducks","Climb","Dawn",18,6,0.333333333333333
"Canada goose","Landing Roll","Dawn",12,4,0.333333333333333
"Ducks","Approach","Dawn",12,4,0.333333333333333
"Blue-winged teal","En Route","Night",9,3,0.333333333333333
"Northern pintail","Approach","Dusk",9,3,0.333333333333333
"Pectoral sandpiper","Approach","Night",9,3,0.333333333333333
"Pigeons, doves","Climb","Day",9,3,0.333333333333333
"Black-headed grosbeak","Descent","Night",6,2,0.333333333333333
"Brown pelican","Approach","Night",6,2,0.333333333333333
"Diving duck (Aythya)","Climb","Night",6,2,0.333333333333333
"Double-crested cormorant","Approach","Night",6,2,0.333333333333333
"Ducks","Take-off Run","Dawn",6,2,0.333333333333333
"Ferruginous hawk","Climb","Day",6,2,0.333333333333333
"Gadwall","Approach","Dusk",6,2,0.333333333333333
"Green-winged teal","Approach","Day",6,2,0.333333333333333
"Hawks","Climb","Dusk",6,2,0.333333333333333
"Herring gull","Climb","Night",6,2,0.333333333333333
"Killdeer","Taxi","Day",6,2,0.333333333333333
"Mallard","Take-off Run","Dawn",6,2,0.333333333333333
"Peregrine falcon","Take-off Run","Dawn",6,2,0.333333333333333
"Red-breasted merganser","Approach","Night",6,2,0.333333333333333
"Ring-necked pheasant","Approach","Day",6,2,0.333333333333333
"Western cattle egret","Take-off Run","Dawn",6,2,0.333333333333333
"American alligator","Landing Roll","Night",3,1,0.333333333333333
"American coot","Take-off Run","Night",3,1,0.333333333333333
"American crow","Local","Day",3,1,0.333333333333333
"American crow","Take-off Run","Dawn",3,1,0.333333333333333
"American golden-plover","Take-off Run","Dawn",3,1,0.333333333333333
"American wigeon","Climb","Day",3,1,0.333333333333333
"American wigeon","Take-off Run","Night",3,1,0.333333333333333
"Baltimore oriole","En Route","Night",3,1,0.333333333333333
"Black-bellied plover","Climb","Night",3,1,0.333333333333333
"Black-tailed jackrabbit","Landing Roll","Dusk",3,1,0.333333333333333
"Blue-winged/cinnamon/green-winged teal complex","Approach","Night",3,1,0.333333333333333
"Broad-winged hawk","En Route","Day",3,1,0.333333333333333
"Canada goose","Local","Day",3,1,0.333333333333333
"Canada goose","Taxi","Night",3,1,0.333333333333333
"Caspian tern","Approach","Night",3,1,0.333333333333333
"Common goldeneye","Approach","Night",3,1,0.333333333333333
"Common grackle","Climb","Dusk",3,1,0.333333333333333
"Cuckoos","Descent","Night",3,1,0.333333333333333
"Double-crested cormorant","Approach","Dusk",3,1,0.333333333333333
"Ducks","Descent","Day",3,1,0.333333333333333
"Ducks","En Route","Dawn",3,1,0.333333333333333
"Ducks","Take-off Run","Dusk",3,1,0.333333333333333
"Ducks, geese, swans","Approach","Dawn",3,1,0.333333333333333
"Eastern kingbird","En Route","Night",3,1,0.333333333333333
"Egrets","Take-off Run","Night",3,1,0.333333333333333
"Geese","Landing Roll","Night",3,1,0.333333333333333
"Glaucous-winged gull","Climb","Dawn",3,1,0.333333333333333
"Gray francolin","Take-off Run","Day",3,1,0.333333333333333
"Great-tailed grackle","Climb","Day",3,1,0.333333333333333
"Great blue heron","Climb","Dusk",3,1,0.333333333333333
"Greater sage-grouse","Approach","Day",3,1,0.333333333333333
"Green-winged teal","Approach","Dusk",3,1,0.333333333333333
"Hooded warbler","Approach","Night",3,1,0.333333333333333
"House finch","Approach","Night",3,1,0.333333333333333
"Killdeer","Arrival","Dusk",3,1,0.333333333333333
"Lesser black-backed gull","Approach","Day",3,1,0.333333333333333
"Lesser yellowlegs","Approach","Night",3,1,0.333333333333333
"Lesser yellowlegs","Landing Roll","Day",3,1,0.333333333333333
"Magnificent frigatebird","Climb","Day",3,1,0.333333333333333
"Mallard","Arrival","Night",3,1,0.333333333333333
"Mallard/American black duck complex","Approach","Dawn",3,1,0.333333333333333
"Meadowlarks","Take-off Run","Dusk",3,1,0.333333333333333
"Mourning dove","En Route","Day",3,1,0.333333333333333
"Northern pintail","Descent","Night",3,1,0.333333333333333
"Northern pintail","En Route","Dusk",3,1,0.333333333333333
"Northern shoveler","Approach","Dusk",3,1,0.333333333333333
"Owls","Take-off Run","Dusk",3,1,0.333333333333333
"Pelicans","Climb","Day",3,1,0.333333333333333
"Perching birds (y)","Local","Day",3,1,0.333333333333333
"Pigeons","Climb","Day",3,1,0.333333333333333
"Pigeons, doves","Landing Roll","Night",3,1,0.333333333333333
"Red-naped sapsucker","Approach","Night",3,1,0.333333333333333
"Red-winged blackbird","Take-off Run","Dusk",3,1,0.333333333333333
"Red crossbill","Approach","Day",3,1,0.333333333333333
"Rose-breasted grosbeak","Climb","Night",3,1,0.333333333333333
"Rough-legged hawk","Climb","Day",3,1,0.333333333333333
"Shorebirds","Approach","Night",3,1,0.333333333333333
"Short-billed dowitcher","Approach","Night",3,1,0.333333333333333
"Short-tailed hawk","Approach","Day",3,1,0.333333333333333
"Snowy egret","Climb","Day",3,1,0.333333333333333
"Solitary sandpiper","Approach","Day",3,1,0.333333333333333
"Thrushes","Landing Roll","Day",3,1,0.333333333333333
"Turkey vulture","Descent","Day",3,1,0.333333333333333
"White-crowned sparrow","Climb","Night",3,1,0.333333333333333
"White-tailed deer","Local","Day",3,1,0.333333333333333
"White-tailed tropicbird","Climb","Day",3,1,0.333333333333333
"Wild turkey","Landing Roll","Dusk",3,1,0.333333333333333
"Wild turkey","Taxi","Day",3,1,0.333333333333333
"Willow ptarmigan","Approach","Day",3,1,0.333333333333333
"Wilson's phalarope","En Route","Night",3,1,0.333333333333333
"Wilson's snipe","En Route","Day",3,1,0.333333333333333
"Yellow-bellied sapsucker","Descent","Night",3,1,0.333333333333333
"Yellow-crowned night heron","Take-off Run","Dawn",3,1,0.333333333333333
"Ducks","Approach","Night",229,76,0.331877729257642
"Red-tailed hawk","Approach","Day",522,168,0.32183908045977
"American coot","Approach","Night",103,33,0.320388349514563
"Gulls","En Route","Night",25,8,0.32
"Mallard","Take-off Run","Night",22,7,0.318181818181818
"Mallard","Approach","Day",105,33,0.314285714285714
"Northern pintail","Approach","Day",35,11,0.314285714285714
"American robin","Descent","Night",32,10,0.3125
"Great black-backed gull","Take-off Run","Day",16,5,0.3125
"White-headed gull complex","Landing Roll","Day",16,5,0.3125
"Raptors: Hawks, eagles, vultures, kites, osprey, falcons, caracaras","Approach","Day",29,9,0.310344827586207
"Great egret","Approach","Night",13,4,0.307692307692308
"Sandpipers, curlews, phalaropes, allies","Climb","Day",23,7,0.304347826086957
"Ducks","Approach","Day",178,54,0.303370786516854
"Dunlin","Take-off Run","Day",10,3,0.3
"Western gull","Take-off Run","Day",10,3,0.3
"Turkey vulture","Take-off Run","Day",94,28,0.297872340425532
"Ducks","Approach","Dusk",44,13,0.295454545454545
"American barn owl","Landing Roll","Day",14,4,0.285714285714286
"Mallard","Approach","Dawn",14,4,0.285714285714286
"Black vulture","Landing Roll","Day",7,2,0.285714285714286
"Common gray fox","Take-off Run","Night",7,2,0.285714285714286
"Great blue heron","Take-off Run","Dawn",7,2,0.285714285714286
"Great blue heron","Take-off Run","Dusk",7,2,0.285714285714286
"Hawks","Climb","Dawn",7,2,0.285714285714286
"Red-tailed hawk","Approach","Dawn",7,2,0.285714285714286
"Snowy owl","Approach","Dusk",7,2,0.285714285714286
"Snowy owl","Take-off Run","Dawn",7,2,0.285714285714286
"White-winged dove","Climb","Day",7,2,0.285714285714286
"White ibis","Take-off Run","Day",7,2,0.285714285714286
"Hawks","Climb","Day",229,65,0.283842794759825
"Mourning dove","Climb","Night",36,10,0.277777777777778
"Great horned owl","Landing Roll","Night",47,13,0.276595744680851
"Great blue heron","Take-off Run","Night",11,3,0.272727272727273
"Laughing gull","Take-off Run","Dawn",11,3,0.272727272727273
"Mallard","Climb","Dawn",11,3,0.272727272727273
"Gulls","Climb","Day",978,265,0.270961145194274
"Turkey vulture","Landing Roll","Day",86,23,0.267441860465116
"Red-tailed hawk","Approach","Dusk",30,8,0.266666666666667
"Swainson's hawk","Approach","Day",30,8,0.266666666666667
"Hawks","Approach","Day",455,120,0.263736263736264
"Red-tailed hawk","Take-off Run","Dusk",50,13,0.26
"Herring gull","Climb","Day",97,25,0.257731958762887
"Red-tailed hawk","Take-off Run","Dawn",32,8,0.25
"Brown pelican","Approach","Day",24,6,0.25
"Mourning dove","Descent","Night",16,4,0.25
"Ducks","Take-off Run","Night",12,3,0.25
"Herons","Approach","Day",12,3,0.25
"Herons","Take-off Run","Day",12,3,0.25
"Snowy owl","Approach","Night",12,3,0.25
"Yellow-crowned night heron","Approach","Night",12,3,0.25
"American bittern","Approach","Night",8,2,0.25
"Egrets","Approach","Night",8,2,0.25
"Glaucous gull","Landing Roll","Day",8,2,0.25
"Hawks","Take-off Run","Night",8,2,0.25
"Herring gull","Landing Roll","Dawn",8,2,0.25
"Northern harrier","Climb","Day",8,2,0.25
"Short-billed gull","Climb","Day",8,2,0.25
"American robin","Descent","Day",4,1,0.25
"Black skimmer","Landing Roll","Night",4,1,0.25
"Brazilian free-tailed bat","Take-off Run","Day",4,1,0.25
"Burrowing owl","Climb","Night",4,1,0.25
"California gull","Landing Roll","Night",4,1,0.25
"Cedar waxwing","Climb","Night",4,1,0.25
"Chimney swift","Arrival","Day",4,1,0.25
"Cinnamon teal","Approach","Night",4,1,0.25
"Common nighthawk","Landing Roll","Dawn",4,1,0.25
"Coyote","Taxi","Night",4,1,0.25
"Crested caracara","Landing Roll","Day",4,1,0.25
"Ducks, geese, swans","Take-off Run","Day",4,1,0.25
"Eastern cottontail","Landing Roll","Night",4,1,0.25
"Egrets","Landing Roll","Night",4,1,0.25
"Great frigatebird","Approach","Day",4,1,0.25
"Great frigatebird","Climb","Day",4,1,0.25
"Great horned owl","Take-off Run","Dawn",4,1,0.25
"Green heron","Approach","Day",4,1,0.25
"Laysan albatross","Approach","Day",4,1,0.25
"Mallard/American black duck complex","Climb","Night",4,1,0.25
"Merlin","Climb","Day",4,1,0.25
"Mountain bluebird","Take-off Run","Day",4,1,0.25
"Nine-banded armadillo","Landing Roll","Night",4,1,0.25
"Northern pintail","Approach","Dawn",4,1,0.25
"Osprey","Departure","Day",4,1,0.25
"Raptors: Hawks, eagles, vultures, kites, osprey, falcons, caracaras","Approach","Night",4,1,0.25
"Sandpipers, curlews, phalaropes, allies","Approach","Dawn",4,1,0.25
"Sharp-tailed grouse","Landing Roll","Day",4,1,0.25
"Snowy owl","Climb","Night",4,1,0.25
"Sora","Approach","Day",4,1,0.25
"Spotted sandpiper","Approach","Day",4,1,0.25
"Upland sandpiper","Approach","Night",4,1,0.25
"Vesper sparrow","Approach","Day",4,1,0.25
"Western bluebird","Landing Roll","Day",4,1,0.25
"Western cattle egret","Approach","Dawn",4,1,0.25
"White-headed gull complex","Descent","Day",4,1,0.25
"Wilson's snipe","Climb","Day",4,1,0.25
"Osprey","Take-off Run","Day",78,19,0.243589743589744
"Gulls","Climb","Night",99,24,0.242424242424242
"Rock pigeon","Climb","Day",302,73,0.241721854304636
"Ring-billed gull","Climb","Day",121,29,0.239669421487603
"Gulls","Climb","Dawn",92,22,0.239130434782609
"Great horned owl","Approach","Night",42,10,0.238095238095238
"Bald eagle","Landing Roll","Day",93,22,0.236559139784946
"White-headed gull complex","Take-off Run","Day",30,7,0.233333333333333
"Great blue heron","Approach","Day",69,16,0.231884057971014
"Short-eared owl","Climb","Night",13,3,0.230769230769231
"Wilson's phalarope","Approach","Night",13,3,0.230769230769231
"Green-winged teal","Approach","Night",61,14,0.229508196721311
"Northern flicker","Approach","Night",35,8,0.228571428571429
"Great blue heron","Take-off Run","Day",79,18,0.227848101265823
"Glaucous-winged gull","Landing Roll","Day",22,5,0.227272727272727
"Snowy owl","Take-off Run","Night",18,4,0.222222222222222
"Cooper's hawk","Climb","Day",9,2,0.222222222222222
"Double-crested cormorant","Approach","Dawn",9,2,0.222222222222222
"European starling","Climb","Night",9,2,0.222222222222222
"Ferruginous hawk","Take-off Run","Day",9,2,0.222222222222222
"Greater sage-grouse","Take-off Run","Day",9,2,0.222222222222222
"Green-tailed towhee","Approach","Night",9,2,0.222222222222222
"Hawks","Take-off Run","Dusk",9,2,0.222222222222222
"Hoary bat","Descent","Night",9,2,0.222222222222222
"Egrets","Climb","Day",41,9,0.219512195121951
"Chimney swift","En Route","Day",14,3,0.214285714285714
"Double-crested cormorant","Take-off Run","Day",14,3,0.214285714285714
"Peregrine falcon","Climb","Day",19,4,0.210526315789474
"Rough-legged hawk","Take-off Run","Day",19,4,0.210526315789474
"Cooper's hawk","Approach","Day",24,5,0.208333333333333
"Herring gull","Approach","Night",24,5,0.208333333333333
"Herring gull","Approach","Day",169,35,0.207100591715976
"Snowy owl","Landing Roll","Night",29,6,0.206896551724138
"Mourning dove","Climb","Dusk",44,9,0.204545454545455
"Laughing gull","Climb","Day",54,11,0.203703703703704
"Ring-billed gull","Approach","Night",60,12,0.2
"Doves","Take-off Run","Night",15,3,0.2
"Gulls","Local","Day",15,3,0.2
"Pied-billed grebe","Approach","Night",15,3,0.2
"Ring-necked pheasant","Take-off Run","Day",15,3,0.2
"American crow","Climb","Dawn",10,2,0.2
"Baird's sandpiper","Approach","Day",10,2,0.2
"Blackbirds","Take-off Run","Dusk",10,2,0.2
"Coyote","Landing Roll","Dusk",10,2,0.2
"Doves","Climb","Dusk",10,2,0.2
"New World vultures","Take-off Run","Day",10,2,0.2
"Northern shoveler","Approach","Day",10,2,0.2
"Red-tailed hawk","Arrival","Day",10,2,0.2
"Western gull","Approach","Night",10,2,0.2
"American barn owl","Climb","Dawn",5,1,0.2
"American black duck","Landing Roll","Day",5,1,0.2
"American coot","Landing Roll","Night",5,1,0.2
"American woodcock","Climb","Night",5,1,0.2
"Bald eagle","Approach","Dawn",5,1,0.2
"Bald eagle","Take-off Run","Dusk",5,1,0.2
"Black-and-white warbler","Approach","Day",5,1,0.2
"Black-crowned night heron","Take-off Run","Night",5,1,0.2
"Blue-billed white tern","Approach","Day",5,1,0.2
"Chipping sparrow","Landing Roll","Day",5,1,0.2
"Cliff swallow","Approach","Dawn",5,1,0.2
"Cliff swallow","En Route","Day",5,1,0.2
"Common grackle","Take-off Run","Dusk",5,1,0.2
"Crows","Approach","Night",5,1,0.2
"Doves","En Route","Night",5,1,0.2
"Eared grebe","Approach","Night",5,1,0.2
"Fox sparrow","Descent","Night",5,1,0.2
"Gray partridge","Take-off Run","Dawn",5,1,0.2
"Great egret","Climb","Day",5,1,0.2
"Greater sage-grouse","Landing Roll","Day",5,1,0.2
"Hawks","Taxi","Day",5,1,0.2
"Killdeer","En Route","Night",5,1,0.2
"Microbats","En Route","Dusk",5,1,0.2
"Northern waterthrush","Approach","Day",5,1,0.2
"Perching birds (y)","Descent","Day",5,1,0.2
"Purple martin","Climb","Dusk",5,1,0.2
"Red-necked phalarope","Climb","Day",5,1,0.2
"Rock pigeon","Arrival","Day",5,1,0.2
"Rock pigeon","En Route","Night",5,1,0.2
"Sanderling","Take-off Run","Day",5,1,0.2
"Sora","Climb","Night",5,1,0.2
"Varied thrush","Climb","Night",5,1,0.2
"Western gull","Approach","Dusk",5,1,0.2
"Western meadowlark","Approach","Dawn",5,1,0.2
"Yellow-crowned night heron","Approach","Day",5,1,0.2
"Gulls","Approach","Dusk",141,28,0.198581560283688
"Osprey","Landing Roll","Day",81,16,0.197530864197531
"American crow","Climb","Day",61,12,0.19672131147541
"California gull","Take-off Run","Day",41,8,0.195121951219512
"Ducks","Take-off Run","Day",41,8,0.195121951219512
"White-headed gull complex","Approach","Day",144,28,0.194444444444444
"Western gull","Approach","Day",36,7,0.194444444444444
"Ducks","Landing Roll","Day",31,6,0.193548387096774
"Swainson's hawk","Landing Roll","Day",31,6,0.193548387096774
"Wild turkey","Take-off Run","Day",32,6,0.1875
"Franklin's gull","Climb","Day",16,3,0.1875
"Great egret","Approach","Day",16,3,0.1875
"Swainson's hawk","Take-off Run","Day",27,5,0.185185185185185
"Grackles","Take-off Run","Day",22,4,0.181818181818182
"California gull","Approach","Night",11,2,0.181818181818182
"Foxes","Landing Roll","Night",11,2,0.181818181818182
"Yellow-bellied sapsucker","Climb","Night",11,2,0.181818181818182
"Herring gull","Take-off Run","Day",252,45,0.178571428571429
"Red-tailed hawk","Landing Roll","Night",28,5,0.178571428571429
"Common raven","Approach","Day",17,3,0.176470588235294
"Hawks","Take-off Run","Day",247,43,0.174089068825911
"Great blue heron","Landing Roll","Day",69,12,0.173913043478261
"Red-tailed hawk","Approach","Night",23,4,0.173913043478261
"Red-tailed hawk","Take-off Run","Day",547,94,0.171846435100548
"Gulls","Approach","Day",1557,262,0.168272318561336
"American woodcock","Approach","Night",48,8,0.166666666666667
"Franklin's gull","Take-off Run","Day",36,6,0.166666666666667
"Coyote","Take-off Run","Dawn",30,5,0.166666666666667
"Swainson's thrush","Climb","Night",30,5,0.166666666666667
"Crows","Climb","Day",24,4,0.166666666666667
"Red-tailed hawk","Local","Day",18,3,0.166666666666667
"American robin","Take-off Run","Night",12,2,0.166666666666667
"Hawks","Take-off Run","Dawn",12,2,0.166666666666667
"Short-billed gull","Landing Roll","Day",12,2,0.166666666666667
"Short-eared owl","Take-off Run","Dawn",12,2,0.166666666666667
"American avocet","Approach","Night",6,1,0.166666666666667
"American redstart","Approach","Day",6,1,0.166666666666667
"Ash-throated flycatcher","Approach","Night",6,1,0.166666666666667
"Black-billed cuckoo","Approach","Night",6,1,0.166666666666667
"Broad-winged hawk","Landing Roll","Day",6,1,0.166666666666667
"Burrowing owl","Take-off Run","Night",6,1,0.166666666666667
"Canada goose","Departure","Day",6,1,0.166666666666667
"Caspian tern","Approach","Day",6,1,0.166666666666667
"Domestic/feral dog","Landing Roll","Night",6,1,0.166666666666667
"Doves","Climb","Night",6,1,0.166666666666667
"Ferruginous hawk","Approach","Day",6,1,0.166666666666667
"Geese","Take-off Run","Day",6,1,0.166666666666667
"Laysan albatross","Approach","Night",6,1,0.166666666666667
"Raptors: Hawks, eagles, vultures, kites, osprey, falcons, caracaras","Take-off Run","Day",6,1,0.166666666666667
"Sandhill crane","Approach","Night",6,1,0.166666666666667
"Scaly-breasted munia","Landing Roll","Dusk",6,1,0.166666666666667
"Turkey vulture","Departure","Day",6,1,0.166666666666667
"Varied thrush","Approach","Day",6,1,0.166666666666667
"Western tanager","Descent","Night",6,1,0.166666666666667
"White-headed gull complex","Approach","Dawn",6,1,0.166666666666667
"White ibis","Landing Roll","Day",6,1,0.166666666666667
"European starling","Climb","Dusk",37,6,0.162162162162162
"Crows","Approach","Day",62,10,0.161290322580645
"Owls","Approach","Night",87,14,0.160919540229885
"American kestrel","Take-off Run","Night",13,2,0.153846153846154
"Black-bellied plover","Landing Roll","Night",13,2,0.153846153846154
"Doves","Approach","Night",13,2,0.153846153846154
"Northern mockingbird","Approach","Day",13,2,0.153846153846154
"Perching birds (y)","En Route","Night",13,2,0.153846153846154
"Rock pigeon","Take-off Run","Night",13,2,0.153846153846154
"Zebra dove","Climb","Day",13,2,0.153846153846154
"American robin","Climb","Night",59,9,0.152542372881356
"Gulls","Take-off Run","Dawn",120,18,0.15
"Hawks","Approach","Dusk",20,3,0.15
"Rock pigeon","Approach","Dusk",20,3,0.15
"Gulls","Take-off Run","Day",1305,194,0.148659003831418
"Cedar waxwing","Approach","Dusk",21,3,0.142857142857143
"Gadwall","Approach","Day",14,2,0.142857142857143
"Mallard","Landing Roll","Dusk",14,2,0.142857142857143
"Short-eared owl","Approach","Day",14,2,0.142857142857143
"Swainson's thrush","Descent","Night",14,2,0.142857142857143
"Upland sandpiper","Climb","Day",14,2,0.142857142857143
"American robin","Landing Roll","Dusk",7,1,0.142857142857143
"Black vulture","Take-off Run","Day",7,1,0.142857142857143
"Horned lark","En Route","Day",7,1,0.142857142857143
"Least sandpiper","Climb","Day",7,1,0.142857142857143
"Owls","Approach","Dawn",7,1,0.142857142857143
"Perching birds (y)","Take-off Run","Night",7,1,0.142857142857143
"Philadelphia vireo","Approach","Night",7,1,0.142857142857143
"Plovers","Approach","Night",7,1,0.142857142857143
"Red-eyed vireo","En Route","Night",7,1,0.142857142857143
"Red-tailed hawk","Climb","Dawn",7,1,0.142857142857143
"Ring-billed gull","Departure","Day",7,1,0.142857142857143
"Terns, noddies","Climb","Day",7,1,0.142857142857143
"Varied thrush","Descent","Night",7,1,0.142857142857143
"Varied thrush","Landing Roll","Night",7,1,0.142857142857143
"Vesper bats","Approach","Day",7,1,0.142857142857143
"Western gull","Landing Roll","Day",7,1,0.142857142857143
"Western meadowlark","Arrival","Day",7,1,0.142857142857143
"Western sandpiper","Climb","Day",7,1,0.142857142857143
"Rock pigeon","Take-off Run","Day",520,74,0.142307692307692
"Gulls","Approach","Night",622,85,0.136655948553055
"Gulls","Take-off Run","Night",74,10,0.135135135135135
"Sora","Approach","Night",37,5,0.135135135135135
"Coyote","Take-off Run","Night",126,17,0.134920634920635
"American barn owl","Take-off Run","Day",15,2,0.133333333333333
"Cave swallow","Approach","Day",15,2,0.133333333333333
"Herring gull","Take-off Run","Dawn",15,2,0.133333333333333
"Western meadowlark","Approach","Night",15,2,0.133333333333333
"Peregrine falcon","Take-off Run","Day",68,9,0.132352941176471
"White-headed gull complex","Approach","Night",61,8,0.131147540983607
"Ring-billed gull","Approach","Day",261,34,0.130268199233716
"Peregrine falcon","Landing Roll","Day",85,11,0.129411764705882
"Gulls","Landing Roll","Dawn",39,5,0.128205128205128
"Red-tailed hawk","Landing Roll","Dusk",47,6,0.127659574468085
"Rock pigeon","Approach","Day",677,86,0.127031019202363
"Egrets","Take-off Run","Day",79,10,0.126582278481013
"Coyote","Landing Roll","Night",245,31,0.126530612244898
"Rock pigeon","Take-off Run","Dawn",32,4,0.125
"Black-bellied plover","Approach","Night",24,3,0.125
"Doves","Take-off Run","Dusk",16,2,0.125
"Ring-billed gull","Approach","Dusk",16,2,0.125
"Western cattle egret","Taxi","Day",16,2,0.125
"American coot","Approach","Day",8,1,0.125
"American golden-plover","Take-off Run","Night",8,1,0.125
"Band-tailed pigeon","Approach","Night",8,1,0.125
"Common myna","Landing Roll","Dusk",8,1,0.125
"Domestic/feral dog","Take-off Run","Day",8,1,0.125
"Eastern red bat","Climb","Night",8,1,0.125
"Laysan albatross","Take-off Run","Night",8,1,0.125
"Mourning dove","Parked","Day",8,1,0.125
"Pectoral sandpiper","Approach","Day",8,1,0.125
"Perching birds (y)","Approach","Dawn",8,1,0.125
"Pigeons, doves","Landing Roll","Day",8,1,0.125
"Red-shouldered hawk","Climb","Day",8,1,0.125
"Rock pigeon","Climb","Night",8,1,0.125
"Snowy egret","Approach","Day",8,1,0.125
"Sparrows","En Route","Night",8,1,0.125
"White-tailed kite","Approach","Day",8,1,0.125
"Wild turkey","Climb","Day",8,1,0.125
"Wilson's snipe","Climb","Night",8,1,0.125
"Egrets","Approach","Day",65,8,0.123076923076923
"Rock pigeon","Approach","Night",33,4,0.121212121212121
"European starling","Climb","Dawn",58,7,0.120689655172414
"Ring-billed gull","Take-off Run","Day",276,33,0.119565217391304
"Western cattle egret","Take-off Run","Day",195,23,0.117948717948718
"Common grackle","Approach","Day",34,4,0.117647058823529
"Great black-backed gull","Approach","Day",17,2,0.117647058823529
"Great crested flycatcher","Approach","Night",17,2,0.117647058823529
"Hermit thrush","Approach","Day",17,2,0.117647058823529
"Red-tailed hawk","Take-off Run","Night",17,2,0.117647058823529
"Mallard","Take-off Run","Day",60,7,0.116666666666667
"California gull","Landing Roll","Day",35,4,0.114285714285714
"Sandpipers, curlews, phalaropes, allies","Approach","Day",35,4,0.114285714285714
"European starling","Climb","Day",466,52,0.111587982832618
"Rock pigeon","Taxi","Day",36,4,0.111111111111111
"Rock pigeon","Climb","Dawn",18,2,0.111111111111111
"American crow","Approach","Dawn",9,1,0.111111111111111
"Barn swallow","Climb","Dawn",9,1,0.111111111111111
"Brazilian free-tailed bat","Departure","Night",9,1,0.111111111111111
"Brown pelican","Landing Roll","Day",9,1,0.111111111111111
"Dunlin","Climb","Day",9,1,0.111111111111111
"Western cattle egret","Climb","Day",55,6,0.109090909090909
"Blackbirds","Climb","Day",185,20,0.108108108108108
"Purple martin","Climb","Day",28,3,0.107142857142857
"American robin","Approach","Dusk",47,5,0.106382978723404
"Cooper's hawk","Landing Roll","Day",19,2,0.105263157894737
"Peregrine falcon","Approach","Day",40,4,0.1
"Owls","Take-off Run","Night",30,3,0.1
"Blackbirds","Approach","Dawn",20,2,0.1
"Cuckoos","Approach","Night",20,2,0.1
"Falcons, kestrels, falconets","Take-off Run","Day",20,2,0.1
"Eastern towhee","Approach","Night",10,1,0.1
"Eurasian collared dove","Approach","Day",10,1,0.1
"Hawks","Landing Roll","Dawn",10,1,0.1
"Sandpipers, curlews, phalaropes, allies","Landing Roll","Dusk",10,1,0.1
"Short-billed gull","Take-off Run","Day",10,1,0.1
"Western meadowlark","Take-off Run","Night",10,1,0.1
"White-winged dove","Take-off Run","Day",10,1,0.1
"American robin","Approach","Night",424,42,0.0990566037735849
"Raccoon","Landing Roll","Night",41,4,0.0975609756097561
"Crows","Landing Roll","Day",31,3,0.0967741935483871
"Doves","Climb","Day",83,8,0.0963855421686747
"Western meadowlark","Climb","Day",52,5,0.0961538461538462
"Hawks","Approach","Night",42,4,0.0952380952380952
"Horned lark","Approach","Dusk",21,2,0.0952380952380952
"Hawks","Landing Roll","Day",263,25,0.0950570342205323
"Blackbirds","Approach","Night",32,3,0.09375
"Sandpipers, curlews, phalaropes, allies","Take-off Run","Day",54,5,0.0925925925925926
"Red-tailed hawk","Landing Roll","Day",541,50,0.0924214417744917
"American barn owl","Approach","Night",163,15,0.0920245398773006
"Purple martin","Approach","Day",77,7,0.0909090909090909
"American golden-plover","Take-off Run","Day",22,2,0.0909090909090909
"Great egret","Landing Roll","Day",22,2,0.0909090909090909
"Ring-billed gull","Take-off Run","Dawn",22,2,0.0909090909090909
"Short-eared owl","Take-off Run","Night",22,2,0.0909090909090909
"Brant","Approach","Day",11,1,0.0909090909090909
"Gray catbird","Landing Roll","Night",11,1,0.0909090909090909
"Laughing gull","Approach","Dusk",11,1,0.0909090909090909
"Mallard/American black duck complex","Approach","Day",11,1,0.0909090909090909
"Purple martin","Approach","Dusk",11,1,0.0909090909090909
"Ring-billed gull","Take-off Run","Night",11,1,0.0909090909090909
"Rock pigeon","Take-off Run","Dusk",11,1,0.0909090909090909
"Shorebirds","Landing Roll","Day",11,1,0.0909090909090909
"Swainson's thrush","Approach","Dawn",11,1,0.0909090909090909
"Western sandpiper","Landing Roll","Night",11,1,0.0909090909090909
"White-tailed jackrabbit","Take-off Run","Night",11,1,0.0909090909090909
"White-throated swift","Climb","Day",11,1,0.0909090909090909
"Gulls","Take-off Run","Dusk",45,4,0.0888888888888889
"American crow","Approach","Day",127,11,0.0866141732283465
"Owls","Landing Roll","Night",104,9,0.0865384615384615
"White-throated swift","Approach","Day",58,5,0.0862068965517241
"Blackbirds","Take-off Run","Day",151,13,0.0860927152317881
"Horned lark","Approach","Night",36,3,0.0833333333333333
"Common grackle","Take-off Run","Day",24,2,0.0833333333333333
"American barn owl","Approach","Day",12,1,0.0833333333333333
"Hawks","Local","Day",12,1,0.0833333333333333
"Hermit thrush","Climb","Night",12,1,0.0833333333333333
"Northern harrier","Take-off Run","Day",12,1,0.0833333333333333
"Semipalmated plover","Approach","Night",12,1,0.0833333333333333
"White-/golden-crown sparrow complex","Descent","Night",12,1,0.0833333333333333
"Gulls","Approach","Dawn",61,5,0.0819672131147541
"American barn owl","Climb","Night",37,3,0.0810810810810811
"Franklin's gull","Approach","Day",37,3,0.0810810810810811
"Mourning dove","Climb","Day",400,32,0.08
"Merlin","Take-off Run","Day",25,2,0.08
"Wood thrush","Approach","Night",38,3,0.0789473684210526
"Western cattle egret","Approach","Day",89,7,0.0786516853932584
"Coyote","Landing Roll","Day",51,4,0.0784313725490196
"Doves","Take-off Run","Day",193,15,0.077720207253886
"Dunlin","Approach","Night",26,2,0.0769230769230769
"Boat-tailed grackle","Take-off Run","Day",13,1,0.0769230769230769
"Bonaparte's gull","Take-off Run","Day",13,1,0.0769230769230769
"Cedar waxwing","Landing Roll","Day",13,1,0.0769230769230769
"Common grackle","Climb","Day",13,1,0.0769230769230769
"Ducks","Landing Roll","Night",13,1,0.0769230769230769
"Dunlin","Landing Roll","Day",13,1,0.0769230769230769
"Falcons, kestrels, falconets","Approach","Day",13,1,0.0769230769230769
"Grasshopper sparrow","Approach","Night",13,1,0.0769230769230769
"Great-tailed grackle","Take-off Run","Day",13,1,0.0769230769230769
"Green heron","Approach","Night",13,1,0.0769230769230769
"Short-billed gull","Approach","Day",13,1,0.0769230769230769
"Swainson's thrush","Descent","Day",13,1,0.0769230769230769
"Swainson's thrush","Landing Roll","Day",13,1,0.0769230769230769
"Violet-green swallow","Approach","Day",13,1,0.0769230769230769
"Varied thrush","Approach","Night",27,2,0.0740740740740741
"Herring gull","Landing Roll","Day",149,11,0.0738255033557047
"Rock pigeon","Landing Roll","Day",542,40,0.0738007380073801
"Cedar waxwing","Climb","Day",28,2,0.0714285714285714
"Chimney swift","Descent","Day",14,1,0.0714285714285714
"Dark-eyed junco","Approach","Day",14,1,0.0714285714285714
"Grackles","Landing Roll","Day",14,1,0.0714285714285714
"Hawks","Departure","Day",14,1,0.0714285714285714
"Herring gull","Approach","Dusk",14,1,0.0714285714285714
"Killdeer","Climb","Dusk",14,1,0.0714285714285714
"Pigeons, doves","Approach","Day",14,1,0.0714285714285714
"Red-tailed hawk","Departure","Day",14,1,0.0714285714285714
"Ring-billed gull","Approach","Dawn",14,1,0.0714285714285714
"Swallows","En Route","Day",14,1,0.0714285714285714
"Gulls","Landing Roll","Night",86,6,0.0697674418604651
"Mourning dove","Take-off Run","Dusk",133,9,0.0676691729323308
"Killdeer","Climb","Day",163,11,0.0674846625766871
"American crow","Take-off Run","Day",89,6,0.0674157303370786
"Gulls","Landing Roll","Day",909,61,0.0671067106710671
"Glaucous-winged gull","Take-off Run","Day",30,2,0.0666666666666667
"Western tanager","Approach","Night",30,2,0.0666666666666667
"American golden-plover","Approach","Day",15,1,0.0666666666666667
"Black-bellied plover","Landing Roll","Day",15,1,0.0666666666666667
"Brown-headed cowbird","Approach","Night",15,1,0.0666666666666667
"Eastern meadowlark","Take-off Run","Night",15,1,0.0666666666666667
"Red-shouldered hawk","Landing Roll","Day",15,1,0.0666666666666667
"Red-winged blackbird","Approach","Dusk",15,1,0.0666666666666667
"Red fox","Landing Roll","Day",15,1,0.0666666666666667
"Yellow-rumped warbler","Climb","Night",15,1,0.0666666666666667
"Microbats","En Route","Night",31,2,0.0645161290322581
"Rose-breasted grosbeak","Approach","Night",31,2,0.0645161290322581
"Doves","Approach","Day",142,9,0.0633802816901408
"American robin","Approach","Day",190,12,0.0631578947368421
"Mourning dove","Departure","Day",48,3,0.0625
"Yellow-billed cuckoo","Approach","Night",32,2,0.0625
"Great blue heron","Landing Roll","Night",16,1,0.0625
"Herring gull","Landing Roll","Dusk",16,1,0.0625
"Killdeer","Departure","Day",16,1,0.0625
"Ring-billed gull","Landing Roll","Night",16,1,0.0625
"Yellow-breasted chat","Approach","Night",16,1,0.0625
"Blackbirds","Approach","Day",522,32,0.0613026819923372
"Mallard","Landing Roll","Day",49,3,0.0612244897959184
"House sparrow","Approach","Day",33,2,0.0606060606060606
"Mourning dove","Climb","Dawn",50,3,0.06
"European starling","Approach","Night",68,4,0.0588235294117647
"Evening bat","Approach","Night",34,2,0.0588235294117647
"Pacific golden-plover","Take-off Run","Night",34,2,0.0588235294117647
"Eastern meadowlark","Approach","Dusk",17,1,0.0588235294117647
"Horned lark","Take-off Run","Night",17,1,0.0588235294117647
"Red-tailed hawk","Landing Roll","Dawn",17,1,0.0588235294117647
"Thrushes","Approach","Night",17,1,0.0588235294117647
"Yellow-crowned night heron","Landing Roll","Night",17,1,0.0588235294117647
"Yellow-bellied sapsucker","Approach","Night",70,4,0.0571428571428571
"Eastern meadowlark","Climb","Day",106,6,0.0566037735849057
"American barn owl","Take-off Run","Night",124,7,0.0564516129032258
"Mourning dove","Take-off Run","Night",90,5,0.0555555555555556
"Black-tailed jackrabbit","Take-off Run","Night",36,2,0.0555555555555556
"Great egret","Take-off Run","Day",36,2,0.0555555555555556
"European starling","Landing Roll","Dawn",18,1,0.0555555555555556
"Snowy owl","Landing Roll","Day",18,1,0.0555555555555556
"Laughing gull","Take-off Run","Day",127,7,0.0551181102362205
"Mourning dove","Approach","Night",240,13,0.0541666666666667
"American kestrel","Approach","Night",37,2,0.0540540540540541
"Snow bunting","Climb","Day",37,2,0.0540540540540541
"Perching birds (y)","Climb","Day",57,3,0.0526315789473684
"Chestnut munia","Approach","Day",19,1,0.0526315789473684
"Doves","Landing Roll","Night",19,1,0.0526315789473684
"Microbats","Climb","Night",19,1,0.0526315789473684
"Owls","Take-off Run","Day",19,1,0.0526315789473684
"Mourning dove","Take-off Run","Dawn",232,12,0.0517241379310345
"Veery","Approach","Night",39,2,0.0512820512820513
"Mourning dove","Approach","Day",703,36,0.0512091038406828
"Pacific golden-plover","Landing Roll","Night",59,3,0.0508474576271186
"Laughing gull","Approach","Day",99,5,0.0505050505050505
"California gull","Approach","Day",40,2,0.05
"Common nighthawk","Take-off Run","Day",20,1,0.05
"Eastern meadowlark","Departure","Day",20,1,0.05
"Northern harrier","Approach","Day",20,1,0.05
"Owls","Climb","Night",20,1,0.05
"Wilson's snipe","Approach","Night",41,2,0.0487804878048781
"Black-tailed jackrabbit","Landing Roll","Night",62,3,0.0483870967741935
"American barn owl","Landing Roll","Night",290,14,0.0482758620689655
"American crow","Landing Roll","Day",83,4,0.0481927710843374
"Pacific golden-plover","Approach","Day",63,3,0.0476190476190476
"Gulls","Landing Roll","Dusk",42,2,0.0476190476190476
"Black-crowned night heron","Approach","Night",21,1,0.0476190476190476
"Meadowlarks","Climb","Day",21,1,0.0476190476190476
"Merlin","Landing Roll","Day",21,1,0.0476190476190476
"Northern house wren","Approach","Night",21,1,0.0476190476190476
"Sparrows","Climb","Dawn",21,1,0.0476190476190476
"Striped skunk","Take-off Run","Night",21,1,0.0476190476190476
"Vaux's swift","Approach","Day",21,1,0.0476190476190476
"Ring-billed gull","Landing Roll","Day",235,11,0.0468085106382979
"Meadowlarks","Approach","Day",43,2,0.0465116279069767
"New World wood-warblers","Approach","Night",22,1,0.0454545454545455
"Spotted dove","Take-off Run","Day",22,1,0.0454545454545455
"Egrets","Landing Roll","Day",89,4,0.0449438202247191
"American kestrel","Landing Roll","Dusk",46,2,0.0434782608695652
"Common myna","Landing Roll","Day",46,2,0.0434782608695652
"Franklin's gull","Landing Roll","Day",23,1,0.0434782608695652
"Savannah sparrow","Climb","Day",23,1,0.0434782608695652
"Mourning dove","Take-off Run","Day",1245,53,0.042570281124498
"Killdeer","Approach","Dusk",47,2,0.0425531914893617
"Red fox","Landing Roll","Night",72,3,0.0416666666666667
"Brown-headed cowbird","Take-off Run","Day",48,2,0.0416666666666667
"Crows","Take-off Run","Day",24,1,0.0416666666666667
"Finches, euphonias","Take-off Run","Day",24,1,0.0416666666666667
"Northern harrier","Landing Roll","Day",24,1,0.0416666666666667
"Pacific golden-plover","Climb","Day",24,1,0.0416666666666667
"Pacific golden-plover","Landing Roll","Dusk",24,1,0.0416666666666667
"Short-eared owl","Approach","Night",50,2,0.04
"Zebra dove","Take-off Run","Day",50,2,0.04
"Common nighthawk","Landing Roll","Day",25,1,0.04
"Semipalmated sandpiper","Approach","Day",25,1,0.04
"Semipalmated sandpiper","Take-off Run","Day",25,1,0.04
"Hawks","Landing Roll","Night",26,1,0.0384615384615385
"Upland sandpiper","Take-off Run","Day",26,1,0.0384615384615385
"Western sandpiper","Take-off Run","Day",26,1,0.0384615384615385
"Western meadowlark","Approach","Day",183,7,0.0382513661202186
"European starling","Take-off Run","Day",798,30,0.037593984962406
"Blackbirds","Approach","Dusk",54,2,0.037037037037037
"Rock pigeon","Landing Roll","Night",27,1,0.037037037037037
"Sparrows","Climb","Night",27,1,0.037037037037037
"Swainson's thrush","Approach","Night",244,9,0.0368852459016393
"Chipping sparrow","Approach","Night",55,2,0.0363636363636364
"Western sandpiper","Approach","Day",55,2,0.0363636363636364
"Western cattle egret","Landing Roll","Day",166,6,0.036144578313253
"Killdeer","Take-off Run","Night",56,2,0.0357142857142857
"Killdeer","Climb","Night",28,1,0.0357142857142857
"Coyote","Take-off Run","Day",85,3,0.0352941176470588
"Red-winged blackbird","Approach","Day",87,3,0.0344827586206897
"Barn swallow","Arrival","Day",29,1,0.0344827586206897
"Gray-cheeked thrush","Approach","Night",29,1,0.0344827586206897
"Red fox","Take-off Run","Night",29,1,0.0344827586206897
"Western kingbird","Approach","Day",29,1,0.0344827586206897
"European starling","Approach","Day",987,34,0.0344478216818642
"Killdeer","Approach","Day",354,12,0.0338983050847458
"Mourning dove","Landing Roll","Night",179,6,0.0335195530726257
"Pacific golden-plover","Approach","Night",30,1,0.0333333333333333
"Perching birds (y)","Landing Roll","Night",30,1,0.0333333333333333
"Doves","Landing Roll","Day",182,6,0.032967032967033
"American kestrel","Climb","Day",213,7,0.0328638497652582
"Mourning dove","Landing Roll","Dawn",93,3,0.032258064516129
"Doves","Landing Roll","Dusk",31,1,0.032258064516129
"Northern parula","Approach","Night",31,1,0.032258064516129
"Cedar waxwing","Approach","Night",64,2,0.03125
"American robin","Landing Roll","Night",32,1,0.03125
"Western meadowlark","Landing Roll","Dusk",32,1,0.03125
"White-crowned sparrow","Approach","Night",32,1,0.03125
"Short-eared owl","Landing Roll","Night",65,2,0.0307692307692308
"Sparrows","Approach","Night",98,3,0.0306122448979592
"Least sandpiper","Landing Roll","Day",33,1,0.0303030303030303
"Spotted dove","Landing Roll","Day",68,2,0.0294117647058824
"American golden-plover","Landing Roll","Day",34,1,0.0294117647058824
"Barn swallow","Approach","Night",34,1,0.0294117647058824
"Doves","Take-off Run","Dawn",34,1,0.0294117647058824
"Scarlet tanager","Approach","Night",34,1,0.0294117647058824
"Woodchuck","Take-off Run","Day",35,1,0.0285714285714286
"Eastern meadowlark","Take-off Run","Day",456,13,0.0285087719298246
"American robin","Take-off Run","Day",73,2,0.0273972602739726
"Hoary bat","Approach","Night",73,2,0.0273972602739726
"Blackbirds","Landing Roll","Day",147,4,0.0272108843537415
"Killdeer","Approach","Night",331,9,0.027190332326284
"Mallard","Landing Roll","Night",37,1,0.027027027027027
"White-winged dove","Approach","Day",37,1,0.027027027027027
"Eastern meadowlark","Approach","Day",187,5,0.0267379679144385
"Pacific golden-plover","Take-off Run","Day",114,3,0.0263157894736842
"European starling","Approach","Dawn",38,1,0.0263157894736842
"Upland sandpiper","Landing Roll","Day",38,1,0.0263157894736842
"Yellow warbler","Approach","Night",39,1,0.0256410256410256
"Lapland longspur","Approach","Day",40,1,0.025
"Northern rough-winged swallow","Landing Roll","Day",40,1,0.025
"Hermit thrush","Approach","Night",161,4,0.0248447204968944
"Mourning dove","Approach","Dusk",123,3,0.024390243902439
"Western meadowlark","Take-off Run","Day",206,5,0.0242718446601942
"Perching birds (y)","Approach","Night",294,7,0.0238095238095238
"Wilson's warbler","Approach","Night",42,1,0.0238095238095238
"American kestrel","Approach","Day",466,11,0.0236051502145923
"European starling","Take-off Run","Dawn",43,1,0.0232558139534884
"Barn swallow","Take-off Run","Dawn",44,1,0.0227272727272727
"Killdeer","Take-off Run","Dusk",45,1,0.0222222222222222
"Woodchuck","Landing Roll","Day",45,1,0.0222222222222222
"Snow bunting","Take-off Run","Day",94,2,0.0212765957446809
"Perching birds (y)","Take-off Run","Day",47,1,0.0212765957446809
"Killdeer","Take-off Run","Day",565,12,0.0212389380530973
"Sparrows","Climb","Day",384,8,0.0208333333333333
"Sparrows","Take-off Run","Dawn",48,1,0.0208333333333333
"Tennessee warbler","Approach","Night",48,1,0.0208333333333333
"Dark-eyed junco","Approach","Night",148,3,0.0202702702702703
"Common yellowthroat","Approach","Night",99,2,0.0202020202020202
"House sparrow","Landing Roll","Day",50,1,0.02
"Sandpipers, curlews, phalaropes, allies","Landing Roll","Day",50,1,0.02
"Eastern meadowlark","Landing Roll","Dusk",51,1,0.0196078431372549
"Sparrows","Landing Roll","Day",728,14,0.0192307692307692
"Mourning dove","Landing Roll","Day",1311,25,0.01906941266209
"Western kingbird","Take-off Run","Day",53,1,0.0188679245283019
"Cedar waxwing","Approach","Day",216,4,0.0185185185185185
"Virginia opossum","Landing Roll","Night",54,1,0.0185185185185185
"Sparrows","Approach","Day",763,14,0.018348623853211
"Yellow-rumped warbler","Approach","Night",167,3,0.0179640718562874
"American kestrel","Take-off Run","Day",783,14,0.0178799489144317
"Lincoln's sparrow","Approach","Night",57,1,0.0175438596491228
"Mourning dove","Landing Roll","Dusk",229,4,0.0174672489082969
"Killdeer","Landing Roll","Night",348,6,0.0172413793103448
"Snow bunting","Approach","Day",61,1,0.0163934426229508
"Blackpoll warbler","Approach","Night",62,1,0.0161290322580645
"European starling","Landing Roll","Dusk",65,1,0.0153846153846154
"Western sandpiper","Landing Roll","Day",65,1,0.0153846153846154
"Sparrows","Take-off Run","Day",663,10,0.0150829562594268
"Horned lark","Climb","Day",200,3,0.015
"Savannah sparrow","Approach","Night",134,2,0.0149253731343284
"Western meadowlark","Landing Roll","Day",341,5,0.0146627565982405
"Common nighthawk","Approach","Night",69,1,0.0144927536231884
"Common nighthawk","Landing Roll","Night",70,1,0.0142857142857143
"Savannah sparrow","Approach","Day",72,1,0.0138888888888889
"Mourning dove","Approach","Dawn",73,1,0.0136986301369863
"European starling","Approach","Dusk",74,1,0.0135135135135135
"White-throated sparrow","Approach","Night",227,3,0.013215859030837
"Ruby-crowned kinglet","Approach","Night",76,1,0.0131578947368421
"Horned lark","Take-off Run","Day",914,12,0.0131291028446389
"Snow bunting","Landing Roll","Day",77,1,0.012987012987013
"Red-eyed vireo","Approach","Night",157,2,0.0127388535031847
"Song sparrow","Approach","Night",79,1,0.0126582278481013
"Pacific golden-plover","Landing Roll","Day",159,2,0.0125786163522013
"European starling","Landing Roll","Day",835,10,0.0119760479041916
"Eastern meadowlark","Landing Roll","Day",425,5,0.0117647058823529
"Chimney swift","Approach","Day",732,8,0.0109289617486339
"Swallows","Landing Roll","Day",370,4,0.0108108108108108
"Ovenbird","Approach","Night",97,1,0.0103092783505155
"Barn swallow","Climb","Day",415,4,0.00963855421686747
"American kestrel","Landing Roll","Day",1170,11,0.0094017094017094
"Savannah sparrow","Landing Roll","Day",111,1,0.00900900900900901
"Swallows","Climb","Day",113,1,0.00884955752212389
"Horned lark","Landing Roll","Day",1147,10,0.00871839581517001
"Bank swallow","Approach","Day",125,1,0.008
"Chimney swift","Landing Roll","Day",125,1,0.008
"Brazilian free-tailed bat","Approach","Night",399,3,0.0075187969924812
"Swallows","Approach","Day",274,2,0.0072992700729927
"Eastern red bat","Approach","Night",139,1,0.00719424460431655
"Tree swallow","Take-off Run","Day",158,1,0.00632911392405063
"Horned lark","Approach","Day",497,3,0.00603621730382294
"Bank swallow","Landing Roll","Day",180,1,0.00555555555555556
"Barn swallow","Landing Roll","Day",2004,11,0.00548902195608782
"Killdeer","Landing Roll","Day",739,4,0.0054127198917456
"Microbats","Approach","Night",201,1,0.00497512437810945
"Barn swallow","Approach","Day",1074,5,0.00465549348230913
"Cliff swallow","Approach","Day",480,2,0.00416666666666667
"Barn swallow","Take-off Run","Day",1458,6,0.00411522633744856
"Swallows","Take-off Run","Day",247,1,0.00404858299595142
"Cliff swallow","Landing Roll","Day",576,1,0.00173611111111111
"Cliff swallow","Take-off Run","Day",394,0,0
"Tree swallow","Landing Roll","Day",245,0,0
"Tree swallow","Approach","Day",226,0,0
"Perching birds (y)","Approach","Day",223,0,0
"Gray catbird","Approach","Night",167,0,0
"Bank swallow","Take-off Run","Day",143,0,0
"Vesper bats","Approach","Night",121,0,0
"Perching birds (y)","Landing Roll","Day",117,0,0
"American pipit","Approach","Day",102,0,0
"Zebra dove","Landing Roll","Day",101,0,0
"Killdeer","Landing Roll","Dusk",100,0,0
"American robin","Landing Roll","Day",99,0,0
"Cliff swallow","Climb","Day",97,0,0
"Laughing gull","Landing Roll","Day",94,0,0
"Meadowlarks","Landing Roll","Day",89,0,0
"Yellow-rumped warbler","Approach","Day",88,0,0
"Barn swallow","Landing Roll","Dusk",79,0,0
"Chimney swift","Climb","Day",75,0,0
"Tree swallow","Climb","Day",75,0,0
"Brazilian free-tailed bat","Landing Roll","Night",73,0,0
"American pipit","Landing Roll","Day",71,0,0
"Coyote","Approach","Day",69,0,0
"Savannah sparrow","Take-off Run","Day",66,0,0
"Swamp sparrow","Approach","Night",66,0,0
"Western kingbird","Landing Roll","Day",65,0,0
"Killdeer","Take-off Run","Dawn",63,0,0
"Striped skunk","Landing Roll","Night",62,0,0
"American robin","Climb","Day",61,0,0
"Barn swallow","Departure","Day",59,0,0
"House finch","Approach","Day",57,0,0
"Purple martin","Landing Roll","Day",57,0,0
"Red-winged blackbird","Landing Roll","Day",57,0,0
"Chimney swift","Take-off Run","Day",53,0,0
"Barn swallow","Approach","Dusk",52,0,0
"Meadowlarks","Take-off Run","Day",52,0,0
"Microbats","Landing Roll","Night",52,0,0
"Free-tailed bats","Approach","Night",50,0,0
"Horned lark","Departure","Day",50,0,0
"Scissor-tailed flycatcher","Landing Roll","Day",50,0,0
"Barn swallow","Take-off Run","Dusk",49,0,0
"American pipit","Take-off Run","Day",48,0,0
"Mourning dove","Local","Day",47,0,0
"Red-winged blackbird","Take-off Run","Day",42,0,0
"Sparrows","Approach","Dusk",42,0,0
"Black-and-white warbler","Approach","Night",41,0,0
"House sparrow","Take-off Run","Day",41,0,0
"White-/golden-crown sparrow complex","Approach","Night",41,0,0
"Bank swallow","Climb","Day",39,0,0
"Barn swallow","Local","Day",39,0,0
"Brown-headed cowbird","Approach","Day",39,0,0
"Fox sparrow","Approach","Night",39,0,0
"Least sandpiper","Approach","Day",39,0,0
"Sparrows","Landing Roll","Dusk",39,0,0
"Brown-headed cowbird","Landing Roll","Day",38,0,0
"American kestrel","Landing Roll","Night",37,0,0
"American redstart","Approach","Night",37,0,0
"Palm warbler","Approach","Night",37,0,0
"American goldfinch","Approach","Day",36,0,0
"Burrowing owl","Landing Roll","Night",36,0,0
"Scaly-breasted munia","Landing Roll","Day",36,0,0
"Big brown bat","Approach","Night",35,0,0
"Mourning dove","Taxi","Day",35,0,0
"European starling","Local","Day",34,0,0
"European starling","Take-off Run","Dusk",34,0,0
"Killdeer","Landing Roll","Dawn",34,0,0
"Horned lark","Arrival","Day",33,0,0
"Horned lark","Take-off Run","Dawn",33,0,0
"Silver-haired bat","Approach","Night",33,0,0
"Swainson's thrush","Approach","Day",33,0,0
"American kestrel","Local","Day",32,0,0
"Common nighthawk","Approach","Day",31,0,0
"Horned lark","Local","Day",31,0,0
"Blue-gray gnatcatcher","Approach","Day",30,0,0
"Brazilian free-tailed bat","Approach","Day",30,0,0
"Chimney swift","Approach","Dusk",30,0,0
"Western sandpiper","Approach","Night",30,0,0
"American kestrel","Take-off Run","Dawn",29,0,0
"Bay-breasted warbler","Approach","Night",29,0,0
"Eastern meadowlark","Local","Day",29,0,0
"Eastern wood-pewee","Approach","Night",29,0,0
"Purple martin","Take-off Run","Day",29,0,0
"Eastern meadowlark","Take-off Run","Dawn",28,0,0
"Semipalmated sandpiper","Landing Roll","Day",28,0,0
"American kestrel","Departure","Day",27,0,0
"Eurasian skylark","Take-off Run","Day",27,0,0
"Gulls","Departure","Day",27,0,0
"Chimney swift","Approach","Night",26,0,0
"European starling","Landing Roll","Night",26,0,0
"Magnolia warbler","Approach","Night",26,0,0
"Orange-crowned warbler","Approach","Night",26,0,0
"Pacific golden-plover","Landing Roll","Dawn",26,0,0
"Red-winged blackbird","Climb","Day",26,0,0
"Scissor-tailed flycatcher","Approach","Day",26,0,0
"Eastern meadowlark","Take-off Run","Dusk",25,0,0
"Scissor-tailed flycatcher","Take-off Run","Day",25,0,0
"Sparrows","Landing Roll","Night",25,0,0
"Zebra dove","Approach","Day",25,0,0
"American kestrel","Approach","Dusk",24,0,0
"American kestrel","Take-off Run","Dusk",24,0,0
"American robin","Approach","Dawn",24,0,0
"Barn swallow","Landing Roll","Night",24,0,0
"Brazilian free-tailed bat","Approach","Dusk",24,0,0
"Common myna","Take-off Run","Day",24,0,0
"European starling","Departure","Day",24,0,0
"Gulls","Taxi","Day",24,0,0
"Sparrows","Take-off Run","Dusk",24,0,0
"Barn swallow","Landing Roll","Dawn",23,0,0
"Barn swallow","Take-off Run","Night",23,0,0
"Cliff swallow","Landing Roll","Dusk",23,0,0
"Horned lark","Landing Roll","Dusk",23,0,0
"Killdeer","Approach","Dawn",23,0,0
"Sparrows","En Route","Day",23,0,0
"Vesper bats","Landing Roll","Night",23,0,0
"White-tailed jackrabbit","Landing Roll","Night",23,0,0
"White-throated sparrow","Approach","Day",23,0,0
"American kestrel","Arrival","Day",22,0,0
"American pipit","Climb","Day",22,0,0
"Cave swallow","Landing Roll","Day",22,0,0
"Eastern meadowlark","Landing Roll","Night",22,0,0
"Finches, euphonias","Landing Roll","Day",22,0,0
"Killdeer","Local","Day",22,0,0
"Northern waterthrush","Approach","Night",22,0,0
"Scaly-breasted munia","Approach","Day",22,0,0
"Upland sandpiper","Approach","Day",22,0,0
"Western meadowlark","Take-off Run","Dawn",22,0,0
"Big brown bat","Landing Roll","Night",21,0,0
"Black-throated green warbler","Approach","Night",21,0,0
"Chestnut-sided warbler","Approach","Night",21,0,0
"Chimney swift","Approach","Dawn",21,0,0
"Cooper's hawk","Take-off Run","Day",21,0,0
"Diving duck (Aythya)","Approach","Night",21,0,0
"Eastern phoebe","Approach","Night",21,0,0
"Eastern red bat","Landing Roll","Night",21,0,0
"Eurasian skylark","Landing Roll","Day",21,0,0
"Hawks","Landing Roll","Dusk",21,0,0
"House finch","Take-off Run","Day",21,0,0
"Indigo bunting","Approach","Night",21,0,0
"Merlin","Approach","Day",21,0,0
"Scaly-breasted munia","Take-off Run","Day",21,0,0
"Song sparrow","Landing Roll","Day",21,0,0
"Black-throated blue warbler","Approach","Night",20,0,0
"Common grackle","Landing Roll","Day",20,0,0
"Common nighthawk","Take-off Run","Night",20,0,0
"Grackles","Approach","Day",20,0,0
"Gray catbird","Approach","Day",20,0,0
"Horned lark","Landing Roll","Night",20,0,0
"House finch","Landing Roll","Day",20,0,0
"Least sandpiper","Take-off Run","Day",20,0,0
"Perching birds (y)","Descent","Night",20,0,0
"Short-eared owl","Landing Roll","Day",20,0,0
"Song sparrow","Approach","Day",20,0,0
"Sparrows","Departure","Day",20,0,0
"House finch","Climb","Day",19,0,0
"House sparrow","Climb","Day",19,0,0
"Lark bunting","Landing Roll","Day",19,0,0
"Nashville warbler","Approach","Night",19,0,0
"Northern rough-winged swallow","Approach","Day",19,0,0
"Perching birds (y)","Approach","Dusk",19,0,0
"Western flycatcher","Approach","Night",19,0,0
"White-tailed kite","Take-off Run","Day",19,0,0
"White-throated sparrow","Landing Roll","Night",19,0,0
"Blackbirds","Climb","Dawn",18,0,0
"Brown-headed cowbird","Climb","Day",18,0,0
"Finches, euphonias","Approach","Day",18,0,0
"Northern rough-winged swallow","Take-off Run","Day",18,0,0
"Palm warbler","Approach","Day",18,0,0
"Perching birds (y)","Climb","Night",18,0,0
"Rock pigeon","Parked","Day",18,0,0
"Semipalmated sandpiper","Approach","Night",18,0,0
"Swainson's thrush","Landing Roll","Night",18,0,0
"Swallows","Approach","Night",18,0,0
"Vaux's swift","Landing Roll","Day",18,0,0
"Warbling vireo","Approach","Night",18,0,0
"Black-bellied plover","Take-off Run","Day",17,0,0
"Brazilian free-tailed bat","Climb","Night",17,0,0
"Burrowing owl","Approach","Night",17,0,0
"Microbats","Approach","Day",17,0,0
"Red-shouldered hawk","Take-off Run","Day",17,0,0
"Ruby-crowned kinglet","Approach","Day",17,0,0
"Ruby-throated hummingbird","Approach","Day",17,0,0
"Savannah sparrow","Landing Roll","Night",17,0,0
"Spotted dove","Approach","Day",17,0,0
"Vesper sparrow","Approach","Night",17,0,0
"Western meadowlark","Departure","Day",17,0,0
"Black-tailed jackrabbit","Take-off Run","Dawn",16,0,0
"Brewer's sparrow","Approach","Night",16,0,0
"Chestnut munia","Take-off Run","Day",16,0,0
"Cliff swallow","Approach","Dusk",16,0,0
"Eastern meadowlark","Approach","Night",16,0,0
"Falcons, kestrels, falconets","Landing Roll","Day",16,0,0
"Horned lark","Take-off Run","Dusk",16,0,0
"Lapland longspur","Take-off Run","Day",16,0,0
"Lark bunting","Take-off Run","Day",16,0,0
"Mourning dove","Arrival","Day",16,0,0
"Swallows","Landing Roll","Dusk",16,0,0
"Virginia opossum","Taxi","Night",16,0,0
"Western meadowlark","Take-off Run","Dusk",16,0,0
"American kestrel","Taxi","Day",15,0,0
"Blackburnian warbler","Approach","Night",15,0,0
"Cape May warbler","Approach","Night",15,0,0
"Doves","Approach","Dusk",15,0,0
"Evening bat","Landing Roll","Night",15,0,0
"Gulls","Parked","Day",15,0,0
"Lapland longspur","Landing Roll","Day",15,0,0
"Marsh wren","Approach","Night",15,0,0
"Northern mockingbird","Landing Roll","Day",15,0,0
"Red-winged blackbird","Approach","Night",15,0,0
"Sandpipers, curlews, phalaropes, allies","Landing Roll","Night",15,0,0
"Sparrows","Approach","Dawn",15,0,0
"Sparrows","Climb","Dusk",15,0,0
"Swallows","Departure","Day",15,0,0
"American barn owl","Landing Roll","Dawn",14,0,0
"Baltimore oriole","Approach","Night",14,0,0
"Blackpoll warbler","Approach","Day",14,0,0
"Bonin petrel","Take-off Run","Night",14,0,0
"Cave swallow","Take-off Run","Day",14,0,0
"Cliff swallow","Arrival","Day",14,0,0
"Cliff swallow","Departure","Day",14,0,0
"Common nighthawk","Approach","Dusk",14,0,0
"Dunlin","Approach","Day",14,0,0
"European starling","Take-off Run","Night",14,0,0
"Ovenbird","Approach","Day",14,0,0
"Rabbits","Landing Roll","Night",14,0,0
"Raccoon","Take-off Run","Night",14,0,0
"Red fox","Take-off Run","Day",14,0,0
"Short-eared owl","Take-off Run","Day",14,0,0
"Swallows","Approach","Dusk",14,0,0
"Terns, noddies","Approach","Day",14,0,0
"Turtles","Take-off Run","Day",14,0,0
"Western meadowlark","Landing Roll","Night",14,0,0
"Wilson's snipe","Approach","Day",14,0,0
"Barn swallow","Descent","Day",13,0,0
"Black-bellied plover","Take-off Run","Night",13,0,0
"Blackbirds","Landing Roll","Dusk",13,0,0
"Blackbirds","Take-off Run","Dawn",13,0,0
"Boat-tailed grackle","Landing Roll","Day",13,0,0
"Chestnut munia","Landing Roll","Day",13,0,0
"Common grackle","Approach","Dusk",13,0,0
"Dark-eyed junco","Landing Roll","Night",13,0,0
"Eastern kingbird","Take-off Run","Day",13,0,0
"Eastern red bat","Approach","Day",13,0,0
"Hermit thrush","Descent","Night",13,0,0
"Hermit thrush","Landing Roll","Night",13,0,0
"Horned lark","Descent","Day",13,0,0
"Least flycatcher","Approach","Night",13,0,0
"Loggerhead shrike","Landing Roll","Day",13,0,0
"Northern mockingbird","Take-off Run","Day",13,0,0
"Pacific golden-plover","Approach","Dawn",13,0,0
"Pine siskin","Approach","Day",13,0,0
"Plovers","Approach","Day",13,0,0
"Rock pigeon","Departure","Day",13,0,0
"Rock pigeon","Landing Roll","Dawn",13,0,0
"Rough-legged hawk","Landing Roll","Day",13,0,0
"Seminole bat","Approach","Night",13,0,0
"Tree swallow","Landing Roll","Dusk",13,0,0
"White-tailed kite","Landing Roll","Day",13,0,0
"Wilson's warbler","Approach","Day",13,0,0
"Boat-tailed grackle","Approach","Day",12,0,0
"Bobolink","Approach","Night",12,0,0
"Brazilian free-tailed bat","Descent","Night",12,0,0
"Cliff swallow","Approach","Night",12,0,0
"Cliff swallow","Take-off Run","Dawn",12,0,0
"Domestic/feral dog","Approach","Day",12,0,0
"Doves","Climb","Dawn",12,0,0
"Golden-crowned kinglet","Approach","Night",12,0,0
"Herring gull","Landing Roll","Night",12,0,0
"Horned lark","Approach","Dawn",12,0,0
"Little brown bat","Approach","Night",12,0,0
"Microbats","Take-off Run","Night",12,0,0
"Mourning dove","Taxi","Night",12,0,0
"Pacific golden-plover","Take-off Run","Dawn",12,0,0
"Plovers","Take-off Run","Day",12,0,0
"Rock pigeon","Approach","Dawn",12,0,0
"Semipalmated plover","Take-off Run","Day",12,0,0
"Short-eared owl","Landing Roll","Dusk",12,0,0
"Snowy owl","Approach","Day",12,0,0
"Sparrows","Take-off Run","Night",12,0,0
"Swallows","Take-off Run","Dawn",12,0,0
"Swallows","Take-off Run","Dusk",12,0,0
"Tennessee warbler","Approach","Day",12,0,0
"Virginia opossum","Take-off Run","Night",12,0,0
"Western meadowlark","Approach","Dusk",12,0,0
"White-winged dove","Landing Roll","Day",12,0,0
"Wrens","Approach","Day",12,0,0
"Yellow-rumped warbler","Landing Roll","Night",12,0,0
"Yellow bittern","Take-off Run","Day",12,0,0
"American goldfinch","Take-off Run","Day",11,0,0
"American redstart","Landing Roll","Night",11,0,0
"Black-bellied plover","Approach","Day",11,0,0
"Blackbirds","Climb","Dusk",11,0,0
"Bobolink","Approach","Day",11,0,0
"Chimney swift","Local","Day",11,0,0
"Cliff swallow","Climb","Dusk",11,0,0
"Coyote","Approach","Night",11,0,0
"Eastern meadowlark","Climb","Dawn",11,0,0
"Ferruginous hawk","Landing Roll","Day",11,0,0
"Free-tailed bats","Landing Roll","Night",11,0,0
"Gray kingbird","Landing Roll","Day",11,0,0
"Green iguana","Landing Roll","Day",11,0,0
"Lapland longspur","Climb","Day",11,0,0
"Microbats","Approach","Dusk",11,0,0
"Microbats","Take-off Run","Day",11,0,0
"Mountain bluebird","Approach","Day",11,0,0
"Pine warbler","Approach","Night",11,0,0
"Plovers","Landing Roll","Day",11,0,0
"Rabbits","Take-off Run","Night",11,0,0
"Red-eyed vireo","Climb","Night",11,0,0
"Red fox","Approach","Day",11,0,0
"Rock pigeon","Landing Roll","Dusk",11,0,0
"Scissor-tailed flycatcher","Climb","Day",11,0,0
"Short-eared owl","Take-off Run","Dusk",11,0,0
"Song sparrow","Take-off Run","Day",11,0,0
"Sparrows","Landing Roll","Dawn",11,0,0
"Sparrows","Taxi","Day",11,0,0
"Swainson's thrush","Climb","Day",11,0,0
"White-throated sparrow","Climb","Night",11,0,0
"Wrens","Landing Roll","Day",11,0,0
"Yellow warbler","Approach","Day",11,0,0
"American barn owl","Landing Roll","Dusk",10,0,0
"American barn owl","Take-off Run","Dawn",10,0,0
"American golden-plover","Landing Roll","Night",10,0,0
"American kestrel","Landing Roll","Dawn",10,0,0
"American pipit","Approach","Dusk",10,0,0
"Black-headed grosbeak","Approach","Night",10,0,0
"Black noddy","Landing Roll","Day",10,0,0
"Bonin petrel","Approach","Night",10,0,0
"Buff-breasted sandpiper","Take-off Run","Day",10,0,0
"Canada warbler","Approach","Night",10,0,0
"Cliff swallow","Take-off Run","Dusk",10,0,0
"Dark-eyed junco","Descent","Night",10,0,0
"Eastern kingbird","Landing Roll","Day",10,0,0
"Eurasian collared dove","Landing Roll","Day",10,0,0
"Field sparrow","Landing Roll","Day",10,0,0
"Grasshopper sparrow","Take-off Run","Day",10,0,0
"Great-tailed grackle","Landing Roll","Day",10,0,0
"Killdeer","Climb","Dawn",10,0,0
"Least sandpiper","Approach","Night",10,0,0
"Lincoln's sparrow","Climb","Night",10,0,0
"Orange-crowned warbler","Approach","Day",10,0,0
"Pacific golden-plover","Take-off Run","Dusk",10,0,0
"Perching birds (y)","Climb","Dawn",10,0,0
"Purple martin","Landing Roll","Dusk",10,0,0
"Red-eyed vireo","Approach","Day",10,0,0
"Ring-billed gull","Landing Roll","Dusk",10,0,0
"Rock pigeon","Climb","Dusk",10,0,0
"Rock pigeon","Local","Day",10,0,0
"Sandpipers, curlews, phalaropes, allies","Approach","Night",10,0,0
"Semipalmated plover","Approach","Day",10,0,0
"Short-eared owl","Approach","Dusk",10,0,0
"Snowy egret","Take-off Run","Day",10,0,0
"Sparrows","Local","Day",10,0,0
"Western kingbird","Climb","Day",10,0,0
"Wrens","Take-off Run","Day",10,0,0
"Yellow-rumped warbler","Landing Roll","Day",10,0,0
"Acadian flycatcher","Approach","Night",9,0,0
"Alder/willow flycatcher complex","Approach","Night",9,0,0
"American golden-plover","Approach","Night",9,0,0
"American robin","Climb","Dusk",9,0,0
"American tree sparrow","Approach","Night",9,0,0
"Barn swallow","Approach","Dawn",9,0,0
"Black-tailed jackrabbit","Take-off Run","Day",9,0,0
"Cedar waxwing","Approach","Dawn",9,0,0
"Cliff swallow","Local","Day",9,0,0
"Common yellowthroat","Landing Roll","Day",9,0,0
"Eastern kingbird","Approach","Night",9,0,0
"Eurasian skylark","Approach","Day",9,0,0
"Gopher tortoise","Landing Roll","Day",9,0,0
"Great black-backed gull","Landing Roll","Day",9,0,0
"Killdeer","Descent","Day",9,0,0
"New World wood-warblers","Approach","Day",9,0,0
"North American porcupine","Landing Roll","Night",9,0,0
"Red-eyed vireo","Landing Roll","Night",9,0,0
"Red fox","Landing Roll","Dusk",9,0,0
"Ring-billed gull","Landing Roll","Dawn",9,0,0
"Ring-billed gull","Take-off Run","Dusk",9,0,0
"Ruddy turnstone","Landing Roll","Day",9,0,0
"Rufous hummingbird","Approach","Day",9,0,0
"Savannah sparrow","Approach","Dusk",9,0,0
"Scaly-breasted munia","Climb","Day",9,0,0
"Semipalmated plover","Landing Roll","Day",9,0,0
"Song sparrow","Landing Roll","Night",9,0,0
"Sparrows","Arrival","Day",9,0,0
"Swifts","Approach","Day",9,0,0
"Terns, noddies","Landing Roll","Day",9,0,0
"Tree swallow","Take-off Run","Dawn",9,0,0
"Turtles","Landing Roll","Day",9,0,0
"Vesper sparrow","Take-off Run","Day",9,0,0
"Western meadowlark","Local","Day",9,0,0
"White-headed gull complex","Approach","Dusk",9,0,0
"Yellow-rumped warbler","Descent","Night",9,0,0
"American goldfinch","Landing Roll","Day",8,0,0
"American woodcock","Landing Roll","Night",8,0,0
"Barn swallow","Taxi","Day",8,0,0
"Blackbirds","Climb","Night",8,0,0
"Bonaparte's gull","Landing Roll","Day",8,0,0
"Brazilian free-tailed bat","Departure","Day",8,0,0
"Brazilian free-tailed bat","Landing Roll","Day",8,0,0
"Buff-breasted sandpiper","Landing Roll","Day",8,0,0
"Chipping sparrow","Approach","Day",8,0,0
"Cliff swallow","Landing Roll","Night",8,0,0
"Common gray fox","Landing Roll","Night",8,0,0
"Common myna","Approach","Day",8,0,0
"Common nighthawk","Climb","Day",8,0,0
"Common nighthawk","Landing Roll","Dusk",8,0,0
"Common nighthawk","Take-off Run","Dawn",8,0,0
"Common raven","Landing Roll","Day",8,0,0
"Common snapping turtle","Landing Roll","Day",8,0,0
"Common yellowthroat","Approach","Day",8,0,0
"Coyote","Take-off Run","Dusk",8,0,0
"Eastern kingbird","Approach","Day",8,0,0
"Eastern red bat","Approach","Dusk",8,0,0
"Eastern red bat","Landing Roll","Day",8,0,0
"European starling","Arrival","Day",8,0,0
"European starling","Descent","Day",8,0,0
"Field sparrow","Take-off Run","Day",8,0,0
"Gray catbird","Climb","Night",8,0,0
"Gray catbird","Descent","Night",8,0,0
"Hermit thrush","Landing Roll","Day",8,0,0
"Herons","Landing Roll","Day",8,0,0
"Hummingbirds","Approach","Day",8,0,0
"Indigo bunting","Approach","Day",8,0,0
"Killdeer","Arrival","Day",8,0,0
"Killdeer","Taxi","Night",8,0,0
"Laughing gull","Departure","Day",8,0,0
"Least sandpiper","Landing Roll","Night",8,0,0
"Least tern","Approach","Day",8,0,0
"Lincoln's sparrow","Approach","Day",8,0,0
"MacGillivray's warbler","Approach","Night",8,0,0
"Microbats","Landing Roll","Day",8,0,0
"Mississippi kite","Approach","Day",8,0,0
"Mountain bluebird","Landing Roll","Day",8,0,0
"Mourning dove","Arrival","Night",8,0,0
"Mourning dove","Departure","Dawn",8,0,0
"New World wood-warblers","Take-off Run","Day",8,0,0
"Northern flicker","Approach","Day",8,0,0
"Pacific golden-plover","Climb","Night",8,0,0
"Pectoral sandpiper","Landing Roll","Day",8,0,0
"Pigeons, doves","Take-off Run","Day",8,0,0
"Prairie warbler","Approach","Night",8,0,0
"Ruby-crowned kinglet","Descent","Night",8,0,0
"Sandpipers, curlews, phalaropes, allies","Approach","Dusk",8,0,0
"Shorebirds","Approach","Day",8,0,0
"Short-eared owl","Landing Roll","Dawn",8,0,0
"Swallows","Climb","Dusk",8,0,0
"Tyrant (New World) flycatchers","Approach","Night",8,0,0
"Violet-green swallow","Landing Roll","Day",8,0,0
"Virginia rail","Approach","Night",8,0,0
"White-throated sparrow","Descent","Night",8,0,0
"Yellow-bellied flycatcher","Approach","Night",8,0,0
"Yellow-rumped warbler","Approach","Dawn",8,0,0
"Yellow-rumped warbler","En Route","Night",8,0,0
"Yellow bittern","Landing Roll","Day",8,0,0
"Zenaida dove","Landing Roll","Day",8,0,0
"American barn owl","Approach","Dawn",7,0,0
"American crow","Approach","Night",7,0,0
"American crow","Landing Roll","Night",7,0,0
"American kestrel","Climb","Dusk",7,0,0
"American robin","Landing Roll","Dawn",7,0,0
"Baird's sandpiper","Landing Roll","Day",7,0,0
"Bank swallow","Departure","Day",7,0,0
"Barred owl","Approach","Night",7,0,0
"Barred owl","Landing Roll","Night",7,0,0
"Black-crowned night heron","Landing Roll","Night",7,0,0
"Black-tailed jackrabbit","Landing Roll","Day",7,0,0
"Black-throated blue warbler","Approach","Day",7,0,0
"Blackpoll warbler","Climb","Night",7,0,0
"Blue-headed vireo","Approach","Night",7,0,0
"Blue jay","Approach","Day",7,0,0
"Brown thrasher","Approach","Night",7,0,0
"Chimney swift","Departure","Day",7,0,0
"Chipping sparrow","Descent","Night",7,0,0
"Common ground dove","Landing Roll","Day",7,0,0
"Common nighthawk","Climb","Night",7,0,0
"Common nighthawk","Take-off Run","Dusk",7,0,0
"Doves","Landing Roll","Dawn",7,0,0
"Ducks","Landing Roll","Dusk",7,0,0
"Field sparrow","Approach","Night",7,0,0
"Geese","Landing Roll","Day",7,0,0
"Grackles","Take-off Run","Dusk",7,0,0
"Grasshopper sparrow","Landing Roll","Day",7,0,0
"Green iguana","Take-off Run","Day",7,0,0
"Gulls","Arrival","Day",7,0,0
"Herring gull","Climb","Dusk",7,0,0
"Hoary bat","Landing Roll","Night",7,0,0
"Horned lark","Climb","Dawn",7,0,0
"Laughing gull","Approach","Night",7,0,0
"Laughing gull","Local","Day",7,0,0
"Mallard","Landing Roll","Dawn",7,0,0
"Meadowlarks","Take-off Run","Dawn",7,0,0
"Munias","Landing Roll","Day",7,0,0
"New World wood-warblers","Landing Roll","Day",7,0,0
"Orchard oriole","Approach","Night",7,0,0
"Ovenbird","Landing Roll","Night",7,0,0
"Pacific golden-plover","Approach","Dusk",7,0,0
"Pectoral sandpiper","Take-off Run","Day",7,0,0
"Pigeons","Approach","Day",7,0,0
"Pine warbler","Approach","Day",7,0,0
"Purple martin","Landing Roll","Night",7,0,0
"Purple martin","Take-off Run","Dusk",7,0,0
"Red-eyed vireo","Descent","Night",7,0,0
"Ruby-crowned kinglet","Landing Roll","Night",7,0,0
"Savannah sparrow","Descent","Day",7,0,0
"Savannah sparrow","Landing Roll","Dusk",7,0,0
"Savannah sparrow","Take-off Run","Dawn",7,0,0
"Semipalmated sandpiper","Climb","Day",7,0,0
"Sharp-shinned hawk","Landing Roll","Day",7,0,0
"Silver-haired bat","Landing Roll","Night",7,0,0
"Sparrows","Descent","Day",7,0,0
"Spotted dove","Climb","Day",7,0,0
"Striped skunk","Taxi","Night",7,0,0
"Swallows","Landing Roll","Night",7,0,0
"Swallows","Local","Day",7,0,0
"Tyrant (New World) flycatchers","Approach","Day",7,0,0
"Western cattle egret","Landing Roll","Dusk",7,0,0
"Western flycatcher","Descent","Night",7,0,0
"Western kingbird","Departure","Day",7,0,0
"Western meadowlark","Landing Roll","Dawn",7,0,0
"White-throated sparrow","Landing Roll","Day",7,0,0
"White-throated sparrow","Take-off Run","Day",7,0,0
"Winter wren","Approach","Night",7,0,0
"Yellow-crowned night heron","Take-off Run","Night",7,0,0
"Yellow-rumped warbler","En Route","Day",7,0,0
"Alder flycatcher","Approach","Night",6,0,0
"American crow","Approach","Dusk",6,0,0
"American goldfinch","Climb","Day",6,0,0
"American kestrel","Approach","Dawn",6,0,0
"American kestrel","Descent","Day",6,0,0
"American pipit","Landing Roll","Dusk",6,0,0
"Anna's hummingbird","Approach","Day",6,0,0
"Band-tailed pigeon","Approach","Day",6,0,0
"Barn swallow","Climb","Dusk",6,0,0
"Barn swallow","Climb","Night",6,0,0
"Big brown bat","Approach","Day",6,0,0
"Black-bellied plover","Climb","Day",6,0,0
"Black-billed magpie","Take-off Run","Day",6,0,0
"Bobolink","Landing Roll","Day",6,0,0
"Bonaparte's gull","Approach","Day",6,0,0
"Bonin petrel","Landing Roll","Night",6,0,0
"Brazilian free-tailed bat","Landing Roll","Dusk",6,0,0
"Brazilian free-tailed bat","Take-off Run","Night",6,0,0
"Brown noddy","Landing Roll","Day",6,0,0
"Burrowing owl","Take-off Run","Day",6,0,0
"Cave swallow","Climb","Day",6,0,0
"Cedar waxwing","Descent","Night",6,0,0
"Chuck-will's-widow","Approach","Night",6,0,0
"Common ground dove","Take-off Run","Day",6,0,0
"Common yellowthroat","Climb","Day",6,0,0
"Common yellowthroat","En Route","Night",6,0,0
"Common yellowthroat","Landing Roll","Night",6,0,0
"Coyote","Landing Roll","Dawn",6,0,0
"Domestic/feral cat","Landing Roll","Night",6,0,0
"Doves","Taxi","Day",6,0,0
"Ducks","Departure","Day",6,0,0
"Eastern meadowlark","Climb","Dusk",6,0,0
"Eastern meadowlark","Taxi","Day",6,0,0
"Eastern red bat","Arrival","Night",6,0,0
"Eastern wood-pewee","Approach","Day",6,0,0
"Forster's tern","Approach","Day",6,0,0
"Foxes","Take-off Run","Night",6,0,0
"Gopher tortoise","Take-off Run","Day",6,0,0
"Gray catbird","En Route","Night",6,0,0
"Horned lark","Climb","Night",6,0,0
"Killdeer","Descent","Night",6,0,0
"Lesser nighthawk","Approach","Night",6,0,0
"Lincoln's sparrow","Descent","Night",6,0,0
"Loggerhead shrike","Take-off Run","Day",6,0,0
"Meadowlarks","Landing Roll","Dusk",6,0,0
"Mourning dove","Descent","Day",6,0,0
"Mourning dove","Local","Dusk",6,0,0
"Nightjars","Approach","Night",6,0,0
"Northern house wren","Approach","Day",6,0,0
"Northern rough-winged swallow","Climb","Day",6,0,0
"Ovenbird","Descent","Night",6,0,0
"Owls","Landing Roll","Day",6,0,0
"Owls","Local","Night",6,0,0
"Pacific golden-plover","Climb","Dawn",6,0,0
"Pacific golden-plover","Climb","Dusk",6,0,0
"Prairie falcon","Take-off Run","Day",6,0,0
"Purple finch","Approach","Day",6,0,0
"Red-eyed vireo","Approach","Dawn",6,0,0
"Red-eyed vireo","En Route","Day",6,0,0
"Red-tailed hawk","Taxi","Day",6,0,0
"Red-winged blackbird","Climb","Dawn",6,0,0
"Sandpipers, curlews, phalaropes, allies","Take-off Run","Night",6,0,0
"Savannah sparrow","Climb","Night",6,0,0
"Savannah sparrow","Landing Roll","Dawn",6,0,0
"Short-eared owl","Approach","Dawn",6,0,0
"Snow bunting","Take-off Run","Dawn",6,0,0
"Striped skunk","Take-off Run","Day",6,0,0
"Swallows","Approach","Dawn",6,0,0
"Swallows","Landing Roll","Dawn",6,0,0
"Terns, noddies","Take-off Run","Day",6,0,0
"Tree swallow","Approach","Dusk",6,0,0
"Tree swallow","Departure","Day",6,0,0
"Virginia opossum","Take-off Run","Day",6,0,0
"Western sandpiper","Landing Roll","Dusk",6,0,0
"Whimbrel","Landing Roll","Day",6,0,0
"White-/golden-crown sparrow complex","Landing Roll","Night",6,0,0
"White-eyed vireo","Approach","Night",6,0,0
"White-throated sparrow","En Route","Night",6,0,0
"Wilson's snipe","Landing Roll","Night",6,0,0
"Wilson's warbler","Descent","Night",6,0,0
"Wilson's warbler","Landing Roll","Night",6,0,0
"Yellow-headed blackbird","Approach","Night",6,0,0
"Yellow warbler","Landing Roll","Night",6,0,0
"American kestrel","Climb","Dawn",5,0,0
"American pipit","Approach","Night",5,0,0
"American redstart","Climb","Night",5,0,0
"American robin","Climb","Dawn",5,0,0
"American robin","Departure","Day",5,0,0
"American robin","Take-off Run","Dawn",5,0,0
"American robin","Take-off Run","Dusk",5,0,0
"Bank swallow","Landing Roll","Dusk",5,0,0
"Bank swallow","Take-off Run","Dawn",5,0,0
"Barn swallow","Local","Dusk",5,0,0
"Big brown bat","Approach","Dusk",5,0,0
"Black-and-white warbler","Landing Roll","Day",5,0,0
"Black-bellied plover","Take-off Run","Dawn",5,0,0
"Black-capped chickadee","Landing Roll","Day",5,0,0
"Black-tailed jackrabbit","Landing Roll","Dawn",5,0,0
"Black noddy","Take-off Run","Day",5,0,0
"Black skimmer","Approach","Night",5,0,0
"Blackbirds","Landing Roll","Night",5,0,0
"Brown-headed cowbird","Approach","Dusk",5,0,0
"Burrowing owl","Take-off Run","Dawn",5,0,0
"Cedar waxwing","Take-off Run","Day",5,0,0
"Chestnut munia","Climb","Day",5,0,0
"Cliff swallow","Climb","Dawn",5,0,0
"Common swift","Climb","Day",5,0,0
"Common swift","Departure","Day",5,0,0
"Common waxbill","Landing Roll","Day",5,0,0
"Dark-eyed junco","En Route","Night",5,0,0
"Dickcissel","Approach","Night",5,0,0
"Double-crested cormorant","Landing Roll","Day",5,0,0
"Doves","Approach","Dawn",5,0,0
"Doves","Departure","Day",5,0,0
"Eastern kingbird","Climb","Day",5,0,0
"Eastern meadowlark","Arrival","Day",5,0,0
"Eastern meadowlark","Landing Roll","Dawn",5,0,0
"Eastern red bat","Descent","Night",5,0,0
"Eastern red bat","En Route","Night",5,0,0
"Eastern red bat","Take-off Run","Night",5,0,0
"Eastern wood-pewee","Landing Roll","Night",5,0,0
"Egrets","Taxi","Day",5,0,0
"Eurasian skylark","Climb","Day",5,0,0
"Finches, euphonias","Climb","Day",5,0,0
"Franklin's gull","Take-off Run","Dawn",5,0,0
"Gray-cheeked thrush","Climb","Night",5,0,0
"Gulls","Taxi","Night",5,0,0
"Hammond's flycatcher","Approach","Night",5,0,0
"Hawks","Approach","Dawn",5,0,0
"Hawks","Arrival","Day",5,0,0
"Hermit thrush","Approach","Dawn",5,0,0
"Herring gull","Taxi","Night",5,0,0
"Hoary bat","Climb","Night",5,0,0
"Kentucky warbler","Landing Roll","Day",5,0,0
"Killdeer","Local","Night",5,0,0
"Lapland longspur","En Route","Day",5,0,0
"Lark bunting","Approach","Day",5,0,0
"Little brown bat","Landing Roll","Night",5,0,0
"Loggerhead shrike","Climb","Day",5,0,0
"Meadowlarks","Landing Roll","Night",5,0,0
"Microbats","Climb","Day",5,0,0
"Munias","Take-off Run","Day",5,0,0
"Northern mockingbird","Approach","Night",5,0,0
"Osprey","Local","Day",5,0,0
"Ovenbird","En Route","Night",5,0,0
"Owls","Approach","Day",5,0,0
"Owls","Approach","Dusk",5,0,0
"Perching birds (y)","En Route","Day",5,0,0
"Perching birds (y)","Landing Roll","Dusk",5,0,0
"Pigeons, doves","Approach","Dusk",5,0,0
"Raccoon","Take-off Run","Dawn",5,0,0
"Rails","Approach","Night",5,0,0
"Richardson's ground squirrel","Landing Roll","Day",5,0,0
"Ruby-crowned kinglet","Approach","Dawn",5,0,0
"Ruddy turnstone","Approach","Day",5,0,0
"Ruddy turnstone","Take-off Run","Day",5,0,0
"Sandhill crane","Take-off Run","Dawn",5,0,0
"Sandpipers, curlews, phalaropes, allies","Take-off Run","Dusk",5,0,0
"Savannah sparrow","En Route","Night",5,0,0
"Savannah sparrow","Local","Day",5,0,0
"Seminole bat","Landing Roll","Night",5,0,0
"Sharp-tailed grouse","Take-off Run","Day",5,0,0
"Short-eared owl","Climb","Day",5,0,0
"Snow bunting","Approach","Night",5,0,0
"Snow bunting","Take-off Run","Dusk",5,0,0
"Snowy egret","Landing Roll","Day",5,0,0
"Snowy owl","Climb","Day",5,0,0
"Song sparrow","Approach","Dusk",5,0,0
"Spotted dove","Taxi","Day",5,0,0
"Striped skunk","Take-off Run","Dawn",5,0,0
"Swainson's thrush","En Route","Night",5,0,0
"Thrushes","Approach","Day",5,0,0
"Townsend's warbler","Approach","Day",5,0,0
"Townsend's warbler","Approach","Night",5,0,0
"Tree swallow","Approach","Night",5,0,0
"Tree swallow","Landing Roll","Night",5,0,0
"Tyrant (New World) flycatchers","Landing Roll","Day",5,0,0
"Violet-green swallow","Take-off Run","Day",5,0,0
"Warbling vireo","Approach","Day",5,0,0
"Western bluebird","Take-off Run","Day",5,0,0
"Western cattle egret","Parked","Day",5,0,0
"Western kingbird","Approach","Night",5,0,0
"Western meadowlark","Climb","Night",5,0,0
"White-crowned sparrow","Approach","Day",5,0,0
"White-crowned sparrow","Landing Roll","Night",5,0,0
"White-throated swift","Take-off Run","Day",5,0,0
"White-winged dove","Approach","Night",5,0,0
"Wilson's snipe","Take-off Run","Day",5,0,0
"Wilson's warbler","Landing Roll","Day",5,0,0
"Yellow-bellied sapsucker","Landing Roll","Day",5,0,0
"Yellow-rumped warbler","Climb","Day",5,0,0
"Yellow-throated warbler","Approach","Day",5,0,0
"Zebra dove","Landing Roll","Dawn",5,0,0
"American alligator","Take-off Run","Night",4,0,0
"American crow","Departure","Day",4,0,0
"American crow","Taxi","Day",4,0,0
"American kestrel","Climb","Night",4,0,0
"American pipit","En Route","Day",4,0,0
"American robin","Arrival","Day",4,0,0
"American robin","Local","Day",4,0,0
"Bank swallow","Approach","Dusk",4,0,0
"Bank swallow","Landing Roll","Night",4,0,0
"Barn swallow","Departure","Night",4,0,0
"Barn swallow","En Route","Day",4,0,0
"Big brown bat","Climb","Night",4,0,0
"Black-billed magpie","Landing Roll","Day",4,0,0
"Black-capped chickadee","Approach","Day",4,0,0
"Black-capped chickadee","Take-off Run","Day",4,0,0
"Black-tailed jackrabbit","Take-off Run","Dusk",4,0,0
"Black-tailed prairie dog","Landing Roll","Day",4,0,0
"Black-tailed prairie dog","Take-off Run","Day",4,0,0
"Black tern","Approach","Day",4,0,0
"Blackpoll warbler","Landing Roll","Night",4,0,0
"Blue-billed white tern","Take-off Run","Day",4,0,0
"Blue-gray gnatcatcher","Climb","Day",4,0,0
"Blue jay","Landing Roll","Day",4,0,0
"Blue jay","Take-off Run","Day",4,0,0
"Bonaparte's gull","Climb","Day",4,0,0
"Brazilian free-tailed bat","Climb","Day",4,0,0
"Broad-winged hawk","Take-off Run","Day",4,0,0
"Brown-headed cowbird","Departure","Day",4,0,0
"Brown-headed cowbird","Landing Roll","Dusk",4,0,0
"Brown-headed cowbird","Landing Roll","Night",4,0,0
"Brown-headed cowbird","Take-off Run","Dusk",4,0,0
"Buff-breasted sandpiper","Approach","Day",4,0,0
"Burrowing owl","Landing Roll","Day",4,0,0
"Canada goose","Taxi","Day",4,0,0
"Cassin's vireo","Approach","Night",4,0,0
"Chipping sparrow","Landing Roll","Night",4,0,0
"Cliff swallow","Descent","Day",4,0,0
"Common grackle","Climb","Dawn",4,0,0
"Common myna","Approach","Dusk",4,0,0
"Common myna","Climb","Day",4,0,0
"Common nighthawk","Approach","Dawn",4,0,0
"Common nighthawk","Climb","Dawn",4,0,0
"Common nighthawk","Climb","Dusk",4,0,0
"Common nighthawk","Descent","Night",4,0,0
"Common waxbill","Take-off Run","Day",4,0,0
"Cooper's hawk","Landing Roll","Night",4,0,0
"Coyote","Local","Night",4,0,0
"Coyote","Taxi","Day",4,0,0
"Dark-eyed junco","Take-off Run","Day",4,0,0
"Desert cottontail","Landing Roll","Night",4,0,0
"Desert cottontail","Take-off Run","Night",4,0,0
"Dickcissel","Approach","Day",4,0,0
"Eastern cottontail","Take-off Run","Night",4,0,0
"Eastern meadowlark","Approach","Dawn",4,0,0
"Eastern meadowlark","Descent","Day",4,0,0
"Egrets","Approach","Dawn",4,0,0
"Egrets","Take-off Run","Dusk",4,0,0
"Eurasian collared dove","Take-off Run","Day",4,0,0
"Evening bat","Approach","Day",4,0,0
"Falcons, caracaras","Landing Roll","Day",4,0,0
"Free-tailed bats","Approach","Day",4,0,0
"Glaucous-winged gull","Landing Roll","Night",4,0,0
"Glaucous gull","Approach","Day",4,0,0
"Grackles","Approach","Dusk",4,0,0
"Great black-backed gull","Approach","Night",4,0,0
"Great blue heron","Landing Roll","Dusk",4,0,0
"Great horned owl","Take-off Run","Dusk",4,0,0
"Green heron","Landing Roll","Day",4,0,0
"Gunnison's prairie dog","Landing Roll","Day",4,0,0
"Harris's sparrow","Approach","Night",4,0,0
"Hermit thrush","Take-off Run","Night",4,0,0
"Horned lark","Climb","Dusk",4,0,0
"Horned lark","Taxi","Day",4,0,0
"House sparrow","Approach","Dusk",4,0,0
"House sparrow","Landing Roll","Dusk",4,0,0
"House sparrow","Take-off Run","Dawn",4,0,0
"Indigo bunting","Climb","Night",4,0,0
"Kites, eagles, hawks","Approach","Day",4,0,0
"Laughing gull","Arrival","Day",4,0,0
"Laughing gull","Landing Roll","Dusk",4,0,0
"Lazuli bunting","Approach","Night",4,0,0
"Least sandpiper","Climb","Night",4,0,0
"Lincoln's sparrow","En Route","Night",4,0,0
"Lincoln's sparrow","Landing Roll","Night",4,0,0
"Magnolia warbler","Approach","Day",4,0,0
"Meadowlarks","Approach","Dusk",4,0,0
"Meadowlarks","Departure","Day",4,0,0
"Mississippi kite","Climb","Day",4,0,0
"Mourning dove","Arrival","Dusk",4,0,0
"Mourning dove","Departure","Night",4,0,0
"New World quail","Take-off Run","Day",4,0,0
"Northern flicker","Climb","Day",4,0,0
"Northern harrier","Landing Roll","Dusk",4,0,0
"Northern mockingbird","Climb","Day",4,0,0
"Northern shoveler","Landing Roll","Night",4,0,0
"Northern yellow bat","Approach","Night",4,0,0
"Northern yellow bat","Landing Roll","Night",4,0,0
"Orange-crowned warbler","Descent","Night",4,0,0
"Owls","Climb","Dawn",4,0,0
"Pacific golden-plover","Departure","Day",4,0,0
"Pacific golden-plover","Local","Day",4,0,0
"Palm warbler","Climb","Night",4,0,0
"Palm warbler","Landing Roll","Day",4,0,0
"Palm warbler","Take-off Run","Day",4,0,0
"Perching birds (y)","Descent","Dawn",4,0,0
"Perching birds (y)","Landing Roll","Dawn",4,0,0
"Peregrine falcon","Approach","Dusk",4,0,0
"Peregrine falcon","Local","Day",4,0,0
"Pied-billed grebe","Climb","Night",4,0,0
"Rabbits","Take-off Run","Dawn",4,0,0
"Raptors: Hawks, eagles, vultures, kites, osprey, falcons, caracaras","Landing Roll","Day",4,0,0
"Red-necked phalarope","Approach","Night",4,0,0
"Red-vented bulbul","Climb","Day",4,0,0
"Red-winged blackbird","Approach","Dawn",4,0,0
"Red-winged blackbird","Climb","Night",4,0,0
"Redpoll","Approach","Day",4,0,0
"Ring-billed gull","Climb","Night",4,0,0
"Rock pigeon","Descent","Day",4,0,0
"Rock pigeon","Taxi","Night",4,0,0
"Rose-breasted grosbeak","En Route","Night",4,0,0
"Ruby-crowned kinglet","Climb","Night",4,0,0
"Ruby-crowned kinglet","Landing Roll","Day",4,0,0
"Ruby-throated hummingbird","Landing Roll","Day",4,0,0
"Saffron finch","Landing Roll","Day",4,0,0
"Sanderling","Take-off Run","Night",4,0,0
"Savannah sparrow","Take-off Run","Night",4,0,0
"Say's phoebe","Landing Roll","Day",4,0,0
"Scarlet tanager","Climb","Night",4,0,0
"Scissor-tailed flycatcher","Landing Roll","Dusk",4,0,0
"Semipalmated plover","Climb","Day",4,0,0
"Semipalmated plover","Landing Roll","Night",4,0,0
"Semipalmated sandpiper","Landing Roll","Night",4,0,0
"Song sparrow","Climb","Night",4,0,0
"Song sparrow","Descent","Night",4,0,0
"Spotted dove","Approach","Dawn",4,0,0
"Spotted dove","Landing Roll","Dawn",4,0,0
"Spotted dove","Landing Roll","Dusk",4,0,0
"Striped skunk","Local","Night",4,0,0
"Swainson's thrush","Take-off Run","Day",4,0,0
"Swallow-tailed kite","Approach","Day",4,0,0
"Swallows","Take-off Run","Night",4,0,0
"Swallows","Taxi","Day",4,0,0
"Tree swallow","Local","Day",4,0,0
"Tree swallow","Take-off Run","Dusk",4,0,0
"Upland sandpiper","Landing Roll","Dawn",4,0,0
"Upland sandpiper","Landing Roll","Dusk",4,0,0
"Veery","Approach","Day",4,0,0
"Vesper bats","Climb","Night",4,0,0
"Vesper sparrow","Landing Roll","Day",4,0,0
"Warbling vireo","Landing Roll","Day",4,0,0
"Warbling vireo","Landing Roll","Night",4,0,0
"Western cattle egret","Departure","Day",4,0,0
"Western flycatcher","Take-off Run","Day",4,0,0
"Western kingbird","Approach","Dusk",4,0,0
"Western kingbird","Landing Roll","Dusk",4,0,0
"Western meadowlark","Climb","Dawn",4,0,0
"White-/golden-crown sparrow complex","Approach","Day",4,0,0
"White-/golden-crown sparrow complex","Climb","Day",4,0,0
"White-tailed jackrabbit","Local","Night",4,0,0
"White-throated sparrow","Arrival","Night",4,0,0
"White-throated swift","Descent","Day",4,0,0
"Wilson's snipe","Approach","Dawn",4,0,0
"Wilson's snipe","Approach","Dusk",4,0,0
"Wilson's snipe","Landing Roll","Day",4,0,0
"Wilson's warbler","Approach","Dawn",4,0,0
"Wood stork","Take-off Run","Day",4,0,0
"Woodchuck","Approach","Day",4,0,0
"Yellow-bellied sapsucker","Approach","Day",4,0,0
"Yellow-bellied sapsucker","Landing Roll","Night",4,0,0
"Yellow-throated warbler","Approach","Night",4,0,0
"Zenaida dove","Approach","Day",4,0,0
"African collared dove","Approach","Day",3,0,0
"African silverbill","Take-off Run","Day",3,0,0
"Alder/willow flycatcher complex","Climb","Night",3,0,0
"American barn owl","Approach","Dusk",3,0,0
"American coot","Approach","Dusk",3,0,0
"American crow","Climb","Dusk",3,0,0
"American golden-plover","Climb","Day",3,0,0
"American goldfinch","Approach","Night",3,0,0
"American goldfinch","En Route","Night",3,0,0
"American redstart","Take-off Run","Day",3,0,0
"American robin","Descent","Dusk",3,0,0
"American tree sparrow","Landing Roll","Night",3,0,0
"American woodcock","Approach","Day",3,0,0
"Bald eagle","Landing Roll","Dusk",3,0,0
"Bald eagle","Landing Roll","Night",3,0,0
"Bank swallow","Take-off Run","Dusk",3,0,0
"Barn swallow","Arrival","Night",3,0,0
"Barn swallow","Descent","Dusk",3,0,0
"Barn swallow","Taxi","Night",3,0,0
"Bay-breasted warbler","Approach","Day",3,0,0
"Black-and-white warbler","Landing Roll","Night",3,0,0
"Black-chinned hummingbird","Approach","Day",3,0,0
"Black-crowned night heron","Landing Roll","Day",3,0,0
"Black-crowned night heron","Take-off Run","Day",3,0,0
"Black-necked stilt","Approach","Night",3,0,0
"Black-necked stilt","Landing Roll","Day",3,0,0
"Black-tailed jackrabbit","Taxi","Night",3,0,0
"Black drongo","Landing Roll","Day",3,0,0
"Black drongo","Take-off Run","Day",3,0,0
"Black francolin","Take-off Run","Day",3,0,0
"Black vulture","Approach","Dawn",3,0,0
"Blackbirds","Arrival","Day",3,0,0
"Blackbirds","Take-off Run","Night",3,0,0
"Blackburnian warbler","Approach","Day",3,0,0
"Blue grosbeak","Approach","Night",3,0,0
"Blue jay","Climb","Day",3,0,0
"Boat-tailed grackle","Climb","Day",3,0,0
"Bonaparte's gull","Descent","Day",3,0,0
"Brazilian free-tailed bat","Local","Night",3,0,0
"Brewer's blackbird","Climb","Day",3,0,0
"Brewer's sparrow","Approach","Day",3,0,0
"Brewer's sparrow","Take-off Run","Day",3,0,0
"Brown-headed cowbird","Taxi","Day",3,0,0
"Brown noddy","Approach","Day",3,0,0
"Brown noddy","Take-off Run","Day",3,0,0
"Brown pelican","Parked","Day",3,0,0
"Burrowing owl","Landing Roll","Dusk",3,0,0
"California gull","Approach","Dusk",3,0,0
"Canada warbler","Approach","Day",3,0,0
"Cape May warbler","Approach","Day",3,0,0
"Cedar waxwing","Climb","Dusk",3,0,0
"Cedar waxwing","Descent","Day",3,0,0
"Cedar waxwing","Landing Roll","Night",3,0,0
"Cedar waxwing","Take-off Run","Night",3,0,0
"Chestnut-collared longspur","Approach","Day",3,0,0
"Chestnut-sided warbler","Approach","Day",3,0,0
"Chestnut munia","Landing Roll","Dawn",3,0,0
"Chestnut munia","Landing Roll","Dusk",3,0,0
"Chimney swift","Climb","Night",3,0,0
"Chimney swift","Landing Roll","Dusk",3,0,0
"Chimney swift","Landing Roll","Night",3,0,0
"Chipping sparrow","Take-off Run","Night",3,0,0
"Chuck-will's-widow","Landing Roll","Night",3,0,0
"Clay-colored sparrow","Approach","Night",3,0,0
"Cliff swallow","Take-off Run","Night",3,0,0
"Cliff swallow","Taxi","Day",3,0,0
"Common grackle","Departure","Day",3,0,0
"Common myna","Landing Roll","Dawn",3,0,0
"Common myna","Taxi","Day",3,0,0
"Common nighthawk","Taxi","Night",3,0,0
"Common poorwill","Approach","Night",3,0,0
"Common snapping turtle","Take-off Run","Day",3,0,0
"Common swift","Take-off Run","Day",3,0,0
"Common tern","Approach","Day",3,0,0
"Common tern","Landing Roll","Day",3,0,0
"Common yellowthroat","Climb","Night",3,0,0
"Common yellowthroat","Descent","Night",3,0,0
"Common yellowthroat","Take-off Run","Day",3,0,0
"Coyote","Approach","Dawn",3,0,0
"Coyote","Departure","Night",3,0,0
"Coyote","Taxi","Dawn",3,0,0
"Cuckoos","En Route","Night",3,0,0
"Dark-eyed junco","Approach","Dawn",3,0,0
"Dark-eyed junco","Climb","Night",3,0,0
"Diamondback terrapin","Taxi","Day",3,0,0
"Dickcissel","Landing Roll","Day",3,0,0
"Dunlin","Approach","Dawn",3,0,0
"Dunlin","Climb","Night",3,0,0
"Eastern bluebird","Approach","Day",3,0,0
"Eastern bluebird","Landing Roll","Day",3,0,0
"Eastern cottontail","Taxi","Night",3,0,0
"Eastern meadowlark","En Route","Day",3,0,0
"Eastern phoebe","Landing Roll","Day",3,0,0
"Eastern red bat","Take-off Run","Day",3,0,0
"Eastern wood-pewee","Descent","Night",3,0,0
"Egrets","Departure","Day",3,0,0
"Egrets","Local","Day",3,0,0
"Eurasian collared dove","Climb","Day",3,0,0
"Eurasian skylark","Departure","Day",3,0,0
"Eurasian skylark","Landing Roll","Dusk",3,0,0
"European starling","Taxi","Day",3,0,0
"Fox sparrow","Approach","Day",3,0,0
"Fox sparrow","Landing Roll","Day",3,0,0
"Fox sparrow","Landing Roll","Night",3,0,0
"Foxes","Approach","Night",3,0,0
"Foxes","Take-off Run","Day",3,0,0
"Free-tailed bats","Landing Roll","Day",3,0,0
"Free-tailed bats","Take-off Run","Night",3,0,0
"Geese","Approach","Dawn",3,0,0
"Glaucous gull","Take-off Run","Day",3,0,0
"Golden-crowned kinglet","Approach","Day",3,0,0
"Golden-crowned kinglet","Landing Roll","Dawn",3,0,0
"Golden-crowned kinglet","Landing Roll","Night",3,0,0
"Gray-cheeked thrush","Approach","Day",3,0,0
"Gray catbird","Climb","Day",3,0,0
"Gray catbird","Landing Roll","Day",3,0,0
"Gray partridge","Approach","Night",3,0,0
"Gray partridge","Take-off Run","Night",3,0,0
"Great-tailed grackle","Approach","Day",3,0,0
"Great black-backed gull","Arrival","Day",3,0,0
"Greater white-fronted goose","Landing Roll","Day",3,0,0
"Green-tailed towhee","Descent","Night",3,0,0
"Green-winged teal","Landing Roll","Night",3,0,0
"Gulls","Local","Night",3,0,0
"Gunnison's prairie dog","Take-off Run","Day",3,0,0
"Hares","Take-off Run","Night",3,0,0
"Hawaiian goose","Landing Roll","Day",3,0,0
"Hawks","Climb","Night",3,0,0
"Herons","Landing Roll","Dusk",3,0,0
"Herons","Take-off Run","Night",3,0,0
"Herons, egrets, bitterns","Take-off Run","Day",3,0,0
"Herring gull","Departure","Day",3,0,0
"Herring gull","Take-off Run","Night",3,0,0
"House sparrow","Local","Day",3,0,0
"Hummingbirds","Landing Roll","Day",3,0,0
"Indigo bunting","Climb","Day",3,0,0
"Indigo bunting","Landing Roll","Day",3,0,0
"Indigo bunting","Landing Roll","Night",3,0,0
"Kentucky warbler","Climb","Day",3,0,0
"Killdeer","Arrival","Night",3,0,0
"Lark bunting","Approach","Night",3,0,0
"Lark sparrow","Descent","Night",3,0,0
"Laysan albatross","Landing Roll","Day",3,0,0
"Least sandpiper","Take-off Run","Night",3,0,0
"Lincoln's sparrow","Landing Roll","Day",3,0,0
"Little brown bat","Approach","Day",3,0,0
"Long-eared owl","Approach","Night",3,0,0
"MacGillivray's warbler","Descent","Night",3,0,0
"Meadowlarks","Approach","Night",3,0,0
"Megabats","Approach","Night",3,0,0
"Microbats","Departure","Night",3,0,0
"Microbats","Local","Night",3,0,0
"Mississippi kite","Landing Roll","Day",3,0,0
"Mottled duck","Approach","Day",3,0,0
"Mourning dove","Departure","Dusk",3,0,0
"Mourning dove","Descent","Dawn",3,0,0
"Mourning dove","Local","Night",3,0,0
"Mule deer","Take-off Run","Day",3,0,0
"Munias","Landing Roll","Dusk",3,0,0
"Nashville warbler","Approach","Day",3,0,0
"Nelson's sparrow","Approach","Night",3,0,0
"New World wood-warblers","Climb","Night",3,0,0
"Nine-banded armadillo","Take-off Run","Day",3,0,0
"North American porcupine","Take-off Run","Night",3,0,0
"Northern flicker","Landing Roll","Day",3,0,0
"Northern flicker","Take-off Run","Day",3,0,0
"Northern harrier","Landing Roll","Night",3,0,0
"Northern rough-winged swallow","Approach","Dusk",3,0,0
"Osprey","Take-off Run","Dusk",3,0,0
"Ovenbird","Approach","Dawn",3,0,0
"Ovenbird","Climb","Night",3,0,0
"Ovenbird","Landing Roll","Day",3,0,0
"Owls","Arrival","Night",3,0,0
"Pacific golden-plover","Arrival","Day",3,0,0
"Pacific golden-plover","Departure","Night",3,0,0
"Painted bunting","Approach","Night",3,0,0
"Pelicans","Approach","Night",3,0,0
"Perching birds (y)","Climb","Dusk",3,0,0
"Perching birds (y)","Take-off Run","Dusk",3,0,0
"Perching birds (y)","Taxi","Day",3,0,0
"Peregrine falcon","Taxi","Day",3,0,0
"Pigeons","Landing Roll","Day",3,0,0
"Pigeons, doves","Approach","Night",3,0,0
"Pine siskin","Approach","Dawn",3,0,0
"Plovers","Landing Roll","Dusk",3,0,0
"Plovers","Landing Roll","Night",3,0,0
"Pond slider","Take-off Run","Day",3,0,0
"Prairie falcon","Approach","Day",3,0,0
"Prothonotary warbler","Approach","Night",3,0,0
"Purple martin","Approach","Night",3,0,0
"Purple martin","Climb","Dawn",3,0,0
"Purple martin","Descent","Day",3,0,0
"Purple martin","Take-off Run","Night",3,0,0
"Rabbits","Landing Roll","Dawn",3,0,0
"Raccoon","Take-off Run","Day",3,0,0
"Red-bellied woodpecker","Approach","Night",3,0,0
"Red-breasted nuthatch","Approach","Day",3,0,0
"Red-crested cardinal","Landing Roll","Day",3,0,0
"Red-eyed vireo","Climb","Day",3,0,0
"Red-eyed vireo","Landing Roll","Dawn",3,0,0
"Red-shouldered hawk","Landing Roll","Dusk",3,0,0
"Red-winged blackbird","Departure","Day",3,0,0
"Red-winged blackbird","Take-off Run","Dawn",3,0,0
"Red fox","Approach","Night",3,0,0
"Red fox","Local","Dusk",3,0,0
"Red fox","Take-off Run","Dawn",3,0,0
"Ring-billed gull","Descent","Day",3,0,0
"Ring-billed gull","Local","Day",3,0,0
"Ring-necked pheasant","Climb","Day",3,0,0
"Ring-necked pheasant","Landing Roll","Night",3,0,0
"Ruby-crowned kinglet","Take-off Run","Night",3,0,0
"Ruby-throated hummingbird","Take-off Run","Day",3,0,0
"Sanderling","Landing Roll","Day",3,0,0
"Savannah sparrow","Approach","Dawn",3,0,0
"Savannah sparrow","Departure","Day",3,0,0
"Savannah sparrow","Descent","Night",3,0,0
"Say's phoebe","Approach","Day",3,0,0
"Say's phoebe","Approach","Night",3,0,0
"Say's phoebe","Take-off Run","Day",3,0,0
"Scaly-breasted munia","Approach","Dawn",3,0,0
"Scarlet tanager","Approach","Day",3,0,0
"Scarlet tanager","Landing Roll","Night",3,0,0
"Scissor-tailed flycatcher","Departure","Day",3,0,0
"Sedge wren","Approach","Night",3,0,0
"Semipalmated sandpiper","Landing Roll","Dusk",3,0,0
"Sharp-tailed grouse","Approach","Day",3,0,0
"Shorebirds","Take-off Run","Day",3,0,0
"Silver-haired bat","Approach","Day",3,0,0
"Silver-haired bat","Climb","Night",3,0,0
"Smith's longspur","Landing Roll","Day",3,0,0
"Snow bunting","Approach","Dusk",3,0,0
"Snow goose","Take-off Run","Day",3,0,0
"Snowy owl","Approach","Dawn",3,0,0
"Song sparrow","Climb","Day",3,0,0
"Sooty tern","Approach","Day",3,0,0
"Sparrows","Descent","Night",3,0,0
"Spotted dove","Take-off Run","Dawn",3,0,0
"Spotted sandpiper","Approach","Night",3,0,0
"Swainson's thrush","Approach","Dusk",3,0,0
"Swainson's thrush","Climb","Dawn",3,0,0
"Swallows","Arrival","Day",3,0,0
"Swallows","Climb","Dawn",3,0,0
"Swallows","Descent","Day",3,0,0
"Swallows","En Route","Night",3,0,0
"Swamp sparrow","Approach","Day",3,0,0
"Swamp sparrow","Descent","Night",3,0,0
"Swamp sparrow","Landing Roll","Night",3,0,0
"Tennessee warbler","Approach","Dawn",3,0,0
"Tennessee warbler","Landing Roll","Night",3,0,0
"Townsend's warbler","Landing Roll","Day",3,0,0
"Tree swallow","Arrival","Day",3,0,0
"Tree swallow","Take-off Run","Night",3,0,0
"Tri-colored bat","Approach","Night",3,0,0
"Upland sandpiper","Landing Roll","Night",3,0,0
"Upland sandpiper","Local","Day",3,0,0
"Varied thrush","Approach","Dusk",3,0,0
"Vaux's swift","Climb","Day",3,0,0
"Vaux's swift","Departure","Day",3,0,0
"Vesper bats","Landing Roll","Day",3,0,0
"Wedge-tailed shearwater","Approach","Night",3,0,0
"Western bluebird","Approach","Day",3,0,0
"Western cattle egret","Arrival","Day",3,0,0
"Western cattle egret","Landing Roll","Night",3,0,0
"Western cattle egret","Take-off Run","Night",3,0,0
"Western flycatcher","Approach","Day",3,0,0
"Western flycatcher","Climb","Night",3,0,0
"Western gull","Climb","Dawn",3,0,0
"Western meadowlark","Taxi","Day",3,0,0
"Western sandpiper","Climb","Night",3,0,0
"Western sandpiper","Landing Roll","Dawn",3,0,0
"Western tanager","Climb","Day",3,0,0
"Western tanager","Landing Roll","Night",3,0,0
"Whimbrel","Approach","Day",3,0,0
"White-headed gull complex","Landing Roll","Dusk",3,0,0
"White-rumped sandpiper","Landing Roll","Day",3,0,0
"White-tailed jackrabbit","Landing Roll","Day",3,0,0
"White-tailed kite","Approach","Dusk",3,0,0
"White-throated sparrow","Approach","Dawn",3,0,0
"White-throated sparrow","Climb","Day",3,0,0
"White-throated swift","Approach","Dawn",3,0,0
"White-throated swift","En Route","Day",3,0,0
"White-throated swift","Landing Roll","Day",3,0,0
"White ibis","Approach","Day",3,0,0
"Wilson's phalarope","Approach","Day",3,0,0
"Wilson's warbler","Climb","Day",3,0,0
"Winter wren","Approach","Day",3,0,0
"Wood duck","Approach","Day",3,0,0
"Woodpeckers","Landing Roll","Day",3,0,0
"Wrens","Climb","Day",3,0,0
"Yellow-bellied marmot","Take-off Run","Day",3,0,0
"Yellow-billed cuckoo","Landing Roll","Night",3,0,0
"Yellow-billed cuckoo","Take-off Run","Day",3,0,0
"Yellow-breasted chat","Landing Roll","Day",3,0,0
"Yellow-breasted chat","Take-off Run","Day",3,0,0
"Yellow-crowned night heron","Landing Roll","Day",3,0,0
"Yellow-rumped warbler","Take-off Run","Day",3,0,0
"Yellow-throated warbler","Landing Roll","Day",3,0,0
"Yellow bittern","Take-off Run","Dawn",3,0,0
"Yellow warbler","Descent","Night",3,0,0
"Yellow warbler","Take-off Run","Day",3,0,0
"Zebra dove","Taxi","Day",3,0,0
"Acadian flycatcher","Descent","Day",2,0,0
"African silverbill","Climb","Day",2,0,0
"African silverbill","Landing Roll","Day",2,0,0
"American alligator","Taxi","Night",2,0,0
"American barn owl","Arrival","Night",2,0,0
"American barn owl","Climb","Day",2,0,0
"American barn owl","Taxi","Night",2,0,0
"American black duck","Approach","Dawn",2,0,0
"American black duck","Approach","Day",2,0,0
"American black duck","Take-off Run","Day",2,0,0
"American crow","Arrival","Day",2,0,0
"American crow","Landing Roll","Dusk",2,0,0
"American golden-plover","Climb","Dawn",2,0,0
"American golden-plover","Departure","Day",2,0,0
"American golden-plover","Landing Roll","Dusk",2,0,0
"American goldfinch","Approach","Dawn",2,0,0
"American goldfinch","Approach","Dusk",2,0,0
"American goldfinch","Arrival","Day",2,0,0
"American goldfinch","Local","Day",2,0,0
"American goldfinch","Take-off Run","Dawn",2,0,0
"American kestrel","Arrival","Night",2,0,0
"American kestrel","Departure","Dusk",2,0,0
"American kestrel","Local","Dusk",2,0,0
"American pipit","Approach","Dawn",2,0,0
"American pipit","Climb","Dawn",2,0,0
"American pipit","Landing Roll","Night",2,0,0
"American pipit","Take-off Run","Night",2,0,0
"American redstart","Approach","Dawn",2,0,0
"American redstart","Descent","Night",2,0,0
"American redstart","En Route","Day",2,0,0
"American redstart","Landing Roll","Day",2,0,0
"American robin","En Route","Day",2,0,0
"American tree sparrow","Climb","Night",2,0,0
"American tree sparrow","Take-off Run","Day",2,0,0
"American woodcock","Landing Roll","Dusk",2,0,0
"American woodcock","Take-off Run","Night",2,0,0
"Anhinga","Landing Roll","Day",2,0,0
"Anna's hummingbird","Landing Roll","Day",2,0,0
"Antillean nighthawk","Departure","Night",2,0,0
"Antillean palm swift","Departure","Night",2,0,0
"Ash-throated flycatcher","Landing Roll","Night",2,0,0
"Baird's sandpiper","Take-off Run","Day",2,0,0
"Bald eagle","Approach","Night",2,0,0
"Bald eagle","Local","Day",2,0,0
"Baltimore oriole","Approach","Day",2,0,0
"Baltimore oriole","Descent","Night",2,0,0
"Baltimore oriole","Landing Roll","Day",2,0,0
"Band-tailed pigeon","Landing Roll","Night",2,0,0
"Band-tailed pigeon","Take-off Run","Day",2,0,0
"Bank swallow","Approach","Night",2,0,0
"Bank swallow","Arrival","Day",2,0,0
"Bank swallow","Descent","Day",2,0,0
"Barn swallow","Descent","Night",2,0,0
"Bay-breasted warbler","Approach","Dawn",2,0,0
"Bay-breasted warbler","Approach","Dusk",2,0,0
"Bay-breasted warbler","Climb","Day",2,0,0
"Bay-breasted warbler","Climb","Night",2,0,0
"Bay-breasted warbler","Take-off Run","Night",2,0,0
"Big brown bat","Climb","Day",2,0,0
"Black-and-white warbler","Approach","Dawn",2,0,0
"Black-and-white warbler","Climb","Day",2,0,0
"Black-and-white warbler","En Route","Night",2,0,0
"Black-bellied plover","Climb","Dawn",2,0,0
"Black-bellied plover","Take-off Run","Dusk",2,0,0
"Black-bellied whistling-duck","Landing Roll","Night",2,0,0
"Black-billed magpie","Climb","Day",2,0,0
"Black-billed magpie","Take-off Run","Dusk",2,0,0
"Black-capped chickadee","Climb","Day",2,0,0
"Black-footed albatross","Landing Roll","Night",2,0,0
"Black-headed grosbeak","Approach","Day",2,0,0
"Black-headed grosbeak","Take-off Run","Night",2,0,0
"Black-headed gull","Landing Roll","Day",2,0,0
"Black-necked stilt","Take-off Run","Day",2,0,0
"Black-tailed jackrabbit","Departure","Day",2,0,0
"Black-tailed jackrabbit","Local","Night",2,0,0
"Black-throated blue warbler","Approach","Dawn",2,0,0
"Black-throated blue warbler","Descent","Night",2,0,0
"Black-throated blue warbler","Landing Roll","Night",2,0,0
"Black-throated gray warbler","Approach","Night",2,0,0
"Black-throated green warbler","Landing Roll","Night",2,0,0
"Black drongo","Approach","Day",2,0,0
"Black noddy","Climb","Day",2,0,0
"Black skimmer","Climb","Day",2,0,0
"Blackpoll warbler","Climb","Day",2,0,0
"Blackpoll warbler","En Route","Night",2,0,0
"Blackpoll warbler","Landing Roll","Day",2,0,0
"Blue-billed white tern","Approach","Night",2,0,0
"Blue-gray gnatcatcher","Descent","Day",2,0,0
"Blue-gray gnatcatcher","Landing Roll","Day",2,0,0
"Blue-winged teal","Approach","Day",2,0,0
"Blue-winged teal","Landing Roll","Day",2,0,0
"Boat-tailed grackle","Approach","Dusk",2,0,0
"Bobolink","Take-off Run","Day",2,0,0
"Bohemian waxwing","Approach","Day",2,0,0
"Bonaparte's gull","Approach","Night",2,0,0
"Bonaparte's gull","Climb","Dusk",2,0,0
"Bonaparte's gull","Departure","Day",2,0,0
"Brant","Approach","Dusk",2,0,0
"Brant","Take-off Run","Day",2,0,0
"Brazilian free-tailed bat","Arrival","Night",2,0,0
"Brazilian free-tailed bat","Climb","Dawn",2,0,0
"Brazilian free-tailed bat","En Route","Dusk",2,0,0
"Brazilian free-tailed bat","Landing Roll","Dawn",2,0,0
"Brewer's blackbird","Approach","Day",2,0,0
"Brewer's blackbird","Approach","Night",2,0,0
"Brewer's blackbird","Landing Roll","Night",2,0,0
"Brewer's sparrow","Climb","Night",2,0,0
"Brewer's sparrow","Departure","Day",2,0,0
"Brown creeper","Approach","Night",2,0,0
"Brown noddy","Approach","Night",2,0,0
"Brown pelican","Landing Roll","Night",2,0,0
"Brown pelican","Take-off Run","Dusk",2,0,0
"Brown thrasher","Approach","Day",2,0,0
"Buff-breasted sandpiper","Approach","Night",2,0,0
"Buff-breasted sandpiper","Climb","Day",2,0,0
"Bullock's oriole","Approach","Night",2,0,0
"Burrowing owl","Approach","Dusk",2,0,0
"Burrowing owl","Departure","Day",2,0,0
"Cackling goose","Approach","Dusk",2,0,0
"California ground squirrel","Take-off Run","Day",2,0,0
"California gull","Landing Roll","Dusk",2,0,0
"Canada goose","Departure","Night",2,0,0
"Cape May warbler","Landing Roll","Day",2,0,0
"Cape May warbler","Landing Roll","Night",2,0,0
"Caspian tern","Landing Roll","Day",2,0,0
"Cave swallow","Departure","Day",2,0,0
"Cave swallow","Take-off Run","Dawn",2,0,0
"Cedar waxwing","Arrival","Day",2,0,0
"Chestnut-collared longspur","Landing Roll","Day",2,0,0
"Chestnut-sided warbler","Arrival","Night",2,0,0
"Chestnut-sided warbler","Descent","Night",2,0,0
"Chestnut-sided warbler","Landing Roll","Day",2,0,0
"Chestnut-sided warbler","Landing Roll","Night",2,0,0
"Chestnut munia","Approach","Dusk",2,0,0
"Chimney swift","Climb","Dawn",2,0,0
"Chimney swift","Climb","Dusk",2,0,0
"Chimney swift","Departure","Night",2,0,0
"Chimney swift","Take-off Run","Night",2,0,0
"Chipping sparrow","Climb","Day",2,0,0
"Chipping sparrow","Climb","Night",2,0,0
"Clay-colored sparrow","Climb","Night",2,0,0
"Cliff swallow","Landing Roll","Dawn",2,0,0
"Common box turtle","Landing Roll","Day",2,0,0
"Common chaffinch","Climb","Day",2,0,0
"Common grackle","Climb","Night",2,0,0
"Common ground dove","Climb","Day",2,0,0
"Common myna","Climb","Dusk",2,0,0
"Common myna","Take-off Run","Dusk",2,0,0
"Common nighthawk","Departure","Day",2,0,0
"Common nighthawk","Local","Day",2,0,0
"Common waxbill","Climb","Day",2,0,0
"Common wood-pigeon","Landing Roll","Day",2,0,0
"Common yellowthroat","Approach","Dawn",2,0,0
"Connecticut warbler","Approach","Night",2,0,0
"Cooper's hawk","Approach","Night",2,0,0
"Cooper's hawk","Local","Day",2,0,0
"Coyote","Approach","Dusk",2,0,0
"Coyote","Departure","Day",2,0,0
"Coyote","Local","Day",2,0,0
"Crows","Approach","Dawn",2,0,0
"Crows","Climb","Dusk",2,0,0
"Crows","Landing Roll","Dusk",2,0,0
"Crows, ravens","Take-off Run","Day",2,0,0
"Dark-eyed junco","Approach","Dusk",2,0,0
"Dark-eyed junco","Landing Roll","Day",2,0,0
"Deer","Approach","Dusk",2,0,0
"Dickcissel","Climb","Day",2,0,0
"Dickcissel","Descent","Night",2,0,0
"Dickcissel","Landing Roll","Night",2,0,0
"Domestic/feral cat","Take-off Run","Night",2,0,0
"Domestic/feral dog","Approach","Dawn",2,0,0
"Doves","Arrival","Day",2,0,0
"Doves","Descent","Day",2,0,0
"Doves","Local","Day",2,0,0
"Ducks","Arrival","Night",2,0,0
"Ducks","Departure","Night",2,0,0
"Ducks","Landing Roll","Dawn",2,0,0
"Dunlin","Descent","Day",2,0,0
"Dunlin","Landing Roll","Night",2,0,0
"Dunlin","Take-off Run","Night",2,0,0
"Eastern bluebird","Climb","Day",2,0,0
"Eastern cattle egret","Landing Roll","Day",2,0,0
"Eastern cottontail","Take-off Run","Dawn",2,0,0
"Eastern cottontail","Take-off Run","Dusk",2,0,0
"Eastern cottontail","Taxi","Day",2,0,0
"Eastern meadowlark","Departure","Dawn",2,0,0
"Eastern phoebe","Climb","Night",2,0,0
"Eastern red bat","Climb","Day",2,0,0
"Eastern towhee","Take-off Run","Day",2,0,0
"Eurasian collared dove","Descent","Night",2,0,0
"Eurasian collared dove","Take-off Run","Night",2,0,0
"Eurasian skylark","Take-off Run","Dusk",2,0,0
"European starling","Arrival","Dusk",2,0,0
"European starling","Departure","Dusk",2,0,0
"European starling","Parked","Day",2,0,0
"Falcons, caracaras","Approach","Day",2,0,0
"Falcons, kestrels, falconets","Take-off Run","Dawn",2,0,0
"Ferruginous hawk","Take-off Run","Night",2,0,0
"Field sparrow","Approach","Day",2,0,0
"Forster's tern","Climb","Day",2,0,0
"Fox sparrow","En Route","Night",2,0,0
"Foxes","Take-off Run","Dawn",2,0,0
"Franklin's gull","Climb","Dawn",2,0,0
"Franklin's gull","Climb","Dusk",2,0,0
"Franklin's gull","Take-off Run","Dusk",2,0,0
"Free-tailed bats","Approach","Dawn",2,0,0
"Free-tailed bats","Departure","Night",2,0,0
"Free-tailed bats","Descent","Night",2,0,0
"Free-tailed bats","En Route","Night",2,0,0
"Geese","Departure","Day",2,0,0
"Glaucous-winged gull","Approach","Dusk",2,0,0
"Golden-crowned sparrow","Approach","Dawn",2,0,0
"Golden eagle","Landing Roll","Day",2,0,0
"Golden eagle","Take-off Run","Day",2,0,0
"Gopher snake","Landing Roll","Day",2,0,0
"Gopher snake","Taxi","Day",2,0,0
"Gopher tortoise","Taxi","Day",2,0,0
"Grackles","Approach","Night",2,0,0
"Grackles","Landing Roll","Night",2,0,0
"Grackles","Taxi","Day",2,0,0
"Grasshopper sparrow","Approach","Day",2,0,0
"Grasshopper sparrow","Descent","Night",2,0,0
"Grasshopper sparrow","Take-off Run","Dawn",2,0,0
"Grasshopper sparrow","Take-off Run","Dusk",2,0,0
"Gray-cheeked thrush","Approach","Dusk",2,0,0
"Gray-cheeked thrush","En Route","Day",2,0,0
"Gray-cheeked thrush","Landing Roll","Night",2,0,0
"Gray-crowned rosy-finch","Approach","Day",2,0,0
"Gray catbird","Approach","Dusk",2,0,0
"Gray catbird","Departure","Day",2,0,0
"Gray catbird","Landing Roll","Dawn",2,0,0
"Gray catbird","Local","Night",2,0,0
"Gray catbird","Take-off Run","Dawn",2,0,0
"Gray catbird","Take-off Run","Day",2,0,0
"Gray catbird","Take-off Run","Night",2,0,0
"Gray flycatcher","Approach","Night",2,0,0
"Gray kingbird","Take-off Run","Day",2,0,0
"Gray partridge","Landing Roll","Dawn",2,0,0
"Gray partridge","Taxi","Night",2,0,0
"Great-tailed grackle","Climb","Night",2,0,0
"Great blue heron","Taxi","Day",2,0,0
"Great egret","Local","Day",2,0,0
"Great horned owl","Arrival","Night",2,0,0
"Great horned owl","Landing Roll","Dawn",2,0,0
"Great horned owl","Take-off Run","Day",2,0,0
"Greater scaup","Approach","Night",2,0,0
"Greater white-fronted goose","Landing Roll","Night",2,0,0
"Greater white-fronted goose","Take-off Run","Day",2,0,0
"Greater yellowlegs","Take-off Run","Day",2,0,0
"Green heron","Climb","Night",2,0,0
"Green heron","Take-off Run","Dawn",2,0,0
"Green heron","Take-off Run","Day",2,0,0
"Green iguana","Approach","Day",2,0,0
"Hammond's flycatcher","Climb","Night",2,0,0
"Hawaiian goose","Take-off Run","Day",2,0,0
"Herons","Approach","Night",2,0,0
"Herons","Landing Roll","Night",2,0,0
"Herons, egrets, bitterns","Approach","Day",2,0,0
"Herons, egrets, bitterns","Landing Roll","Night",2,0,0
"Herring gull","Local","Day",2,0,0
"Herring gull","Taxi","Day",2,0,0
"Hoary bat","Approach","Day",2,0,0
"Hoary bat","Arrival","Night",2,0,0
"Hoary bat","En Route","Night",2,0,0
"Hoary bat","Landing Roll","Day",2,0,0
"Hooded oriole","Landing Roll","Day",2,0,0
"Horned lark","Arrival","Night",2,0,0
"Horned lark","Descent","Night",2,0,0
"Horned lark","Landing Roll","Dawn",2,0,0
"Horned lark","Taxi","Night",2,0,0
"House finch","Approach","Dawn",2,0,0
"House finch","Approach","Dusk",2,0,0
"House finch","Climb","Dawn",2,0,0
"House finch","Take-off Run","Dawn",2,0,0
"House sparrow","Climb","Night",2,0,0
"House sparrow","Departure","Day",2,0,0
"House sparrow","Landing Roll","Night",2,0,0
"House sparrow","Take-off Run","Dusk",2,0,0
"Hummingbirds","Climb","Day",2,0,0
"Ibises","Landing Roll","Day",2,0,0
"Inca dove","Take-off Run","Day",2,0,0
"Indian pipistrelle","Take-off Run","Night",2,0,0
"Indian silverbill","Landing Roll","Day",2,0,0
"Indigo bunting","Approach","Dusk",2,0,0
"Kentucky warbler","Approach","Night",2,0,0
"Kentucky warbler","Take-off Run","Day",2,0,0
"Kentucky warbler","Take-off Run","Night",2,0,0
"Killdeer","Departure","Dawn",2,0,0
"Killdeer","En Route","Day",2,0,0
"Killdeer","Local","Dusk",2,0,0
"Killdeer","Taxi","Dawn",2,0,0
"Kites, eagles, hawks","Climb","Day",2,0,0
"Lagomorphs (rabbits, hares)","Local","Night",2,0,0
"Lapland longspur","Approach","Night",2,0,0
"Lark sparrow","Approach","Day",2,0,0
"Lark sparrow","Approach","Night",2,0,0
"Lark sparrow","Landing Roll","Day",2,0,0
"Lark sparrow","Take-off Run","Day",2,0,0
"Laughing gull","Approach","Dawn",2,0,0
"Laughing gull","Climb","Dawn",2,0,0
"Laughing gull","Climb","Dusk",2,0,0
"Laughing gull","Landing Roll","Dawn",2,0,0
"Laughing gull","Landing Roll","Night",2,0,0
"Laughing gull","Take-off Run","Dusk",2,0,0
"Laughing gull","Take-off Run","Night",2,0,0
"Laysan albatross","Approach","Dusk",2,0,0
"Laysan albatross","Landing Roll","Night",2,0,0
"Least bittern","Approach","Night",2,0,0
"Least flycatcher","Approach","Day",2,0,0
"Least flycatcher","Climb","Night",2,0,0
"Least flycatcher","Descent","Night",2,0,0
"Least flycatcher","En Route","Night",2,0,0
"Least flycatcher","Landing Roll","Day",2,0,0
"Least sandpiper","Approach","Dawn",2,0,0
"Least sandpiper","Approach","Dusk",2,0,0
"Least sandpiper","Climb","Dawn",2,0,0
"Least sandpiper","Descent","Day",2,0,0
"Least sandpiper","Take-off Run","Dusk",2,0,0
"Least tern","Approach","Night",2,0,0
"Least tern","Take-off Run","Day",2,0,0
"LeConte's sparrow","Approach","Night",2,0,0
"Lesser goldfinch","Approach","Day",2,0,0
"Lesser nighthawk","Approach","Day",2,0,0
"Lesser nighthawk","Landing Roll","Day",2,0,0
"Lesser nighthawk","Take-off Run","Night",2,0,0
"Lesser yellowlegs","Take-off Run","Day",2,0,0
"Lincoln's sparrow","Approach","Dusk",2,0,0
"Little blue heron","Approach","Day",2,0,0
"Little brown bat","Landing Roll","Day",2,0,0
"Loggerhead shrike","Approach","Day",2,0,0
"Loggerhead shrike","Landing Roll","Night",2,0,0
"Long-billed dowitcher","Approach","Dusk",2,0,0
"Long-billed dowitcher","Approach","Night",2,0,0
"Long-billed dowitcher","Landing Roll","Day",2,0,0
"Long-tailed jaeger","Take-off Run","Day",2,0,0
"MacGillivray's warbler","Approach","Day",2,0,0
"MacGillivray's warbler","Take-off Run","Day",2,0,0
"Magnolia warbler","En Route","Night",2,0,0
"Magnolia warbler","Take-off Run","Day",2,0,0
"Mallard","Taxi","Night",2,0,0
"Mallard/American black duck complex","Approach","Dusk",2,0,0
"Mallard/American black duck complex","Take-off Run","Day",2,0,0
"Marsh wren","Approach","Day",2,0,0
"Meadowlarks","Approach","Dawn",2,0,0
"Meadowlarks","Climb","Night",2,0,0
"Meadowlarks","Landing Roll","Dawn",2,0,0
"Megabats","Landing Roll","Night",2,0,0
"Merlin","Landing Roll","Dusk",2,0,0
"Microbats","Arrival","Night",2,0,0
"Microbats","Descent","Night",2,0,0
"Microbats","Landing Roll","Dusk",2,0,0
"Mississippi kite","Take-off Run","Day",2,0,0
"Monk parakeet","Approach","Day",2,0,0
"Mountain bluebird","Climb","Day",2,0,0
"Mountain bluebird","Landing Roll","Dusk",2,0,0
"Mountain bluebird","Landing Roll","Night",2,0,0
"Mountain chickadee","Take-off Run","Day",2,0,0
"Mourning dove","Local","Dawn",2,0,0
"Mourning warbler","Approach","Night",2,0,0
"Munias","Approach","Day",2,0,0
"Muskrat","Taxi","Night",2,0,0
"Mute swan","Take-off Run","Day",2,0,0
"Nashville warbler","Approach","Dawn",2,0,0
"Nashville warbler","Climb","Day",2,0,0
"Nashville warbler","Climb","Night",2,0,0
"Nashville warbler","Descent","Night",2,0,0
"Nashville warbler","Landing Roll","Day",2,0,0
"Nashville warbler","Landing Roll","Night",2,0,0
"Nashville warbler","Take-off Run","Day",2,0,0
"New World quail","Approach","Day",2,0,0
"New World wood-warblers","Climb","Day",2,0,0
"New World wood-warblers","Landing Roll","Night",2,0,0
"Nine-banded armadillo","Take-off Run","Night",2,0,0
"Nine-banded armadillo","Taxi","Night",2,0,0
"Noddies","Landing Roll","Day",2,0,0
"North American porcupine","Landing Roll","Day",2,0,0
"Northern bobwhite","Landing Roll","Day",2,0,0
"Northern cardinal","Approach","Day",2,0,0
"Northern flicker","Approach","Dawn",2,0,0
"Northern flicker","Landing Roll","Night",2,0,0
"Northern house wren","Climb","Night",2,0,0
"Northern parula","Approach","Dawn",2,0,0
"Northern parula","Approach","Day",2,0,0
"Northern parula","Landing Roll","Dawn",2,0,0
"Northern parula","Landing Roll","Day",2,0,0
"Northern pintail","Landing Roll","Day",2,0,0
"Northern pintail","Take-off Run","Night",2,0,0
"Northern shoveler","Descent","Night",2,0,0
"Orange-crowned warbler","En Route","Night",2,0,0
"Orange-crowned warbler","Landing Roll","Day",2,0,0
"Orange-crowned warbler","Landing Roll","Night",2,0,0
"Osprey","Approach","Dusk",2,0,0
"Osprey","Take-off Run","Dawn",2,0,0
"Ovenbird","Approach","Dusk",2,0,0
"Owls","Climb","Day",2,0,0
"Owls","Climb","Dusk",2,0,0
"Owls","Landing Roll","Dusk",2,0,0
"Owls","Take-off Run","Dawn",2,0,0
"Pacific golden-plover","Taxi","Day",2,0,0
"Pacific wren","Approach","Night",2,0,0
"Pallas's mastiff bat","Landing Roll","Night",2,0,0
"Palm warbler","Approach","Dawn",2,0,0
"Palm warbler","Approach","Dusk",2,0,0
"Palm warbler","Departure","Day",2,0,0
"Palm warbler","En Route","Day",2,0,0
"Palm warbler","En Route","Night",2,0,0
"Parrots","Approach","Day",2,0,0
"Perching birds (y)","Arrival","Day",2,0,0
"Perching birds (y)","Departure","Day",2,0,0
"Perching birds (y)","En Route","Dusk",2,0,0
"Perching birds (y)","Local","Dusk",2,0,0
"Perching birds (y)","Take-off Run","Dawn",2,0,0
"Peregrine falcon","Landing Roll","Dusk",2,0,0
"Pigeons","Take-off Run","Day",2,0,0
"Pine siskin","Approach","Night",2,0,0
"Pine siskin","Landing Roll","Day",2,0,0
"Plovers","Climb","Dawn",2,0,0
"Plovers","Take-off Run","Dawn",2,0,0
"Plovers, lapwings","Climb","Day",2,0,0
"Plovers, lapwings","Descent","Night",2,0,0
"Pond slider","Landing Roll","Day",2,0,0
"Prairie warbler","Landing Roll","Day",2,0,0
"Prairie warbler","Landing Roll","Night",2,0,0
"Purple finch","Approach","Dawn",2,0,0
"Purple martin","En Route","Dusk",2,0,0
"Purple martin","Local","Day",2,0,0
"Rabbits","Landing Roll","Day",2,0,0
"Rabbits","Take-off Run","Day",2,0,0
"Raccoon","Taxi","Night",2,0,0
"Raptors: Hawks, eagles, vultures, kites, osprey, falcons, caracaras","Take-off Run","Night",2,0,0
"Red-eyed vireo","Landing Roll","Day",2,0,0
"Red-masked parakeet","Approach","Dawn",2,0,0
"Red-necked phalarope","Approach","Day",2,0,0
"Red-necked phalarope","Take-off Run","Day",2,0,0
"Red-shouldered hawk","Approach","Dusk",2,0,0
"Red-vented bulbul","Take-off Run","Day",2,0,0
"Red-winged blackbird","Arrival","Day",2,0,0
"Red-winged blackbird","Landing Roll","Dawn",2,0,0
"Red-winged blackbird","Landing Roll","Night",2,0,0
"Red-winged blackbird","Local","Day",2,0,0
"Red avadavat","Approach","Day",2,0,0
"Red avadavat","Landing Roll","Day",2,0,0
"Red fox","Landing Roll","Dawn",2,0,0
"Red knot","Approach","Day",2,0,0
"Redpoll","Climb","Day",2,0,0
"Ring-billed gull","Local","Night",2,0,0
"Ring-billed gull","Parked","Day",2,0,0
"Ring-billed gull","Taxi","Day",2,0,0
"Ring-necked duck","Approach","Dusk",2,0,0
"Ring-necked pheasant","Take-off Run","Dawn",2,0,0
"Rock pigeon","Parked","Dusk",2,0,0
"Rock pigeon","Taxi","Dusk",2,0,0
"Rose-breasted grosbeak","Approach","Day",2,0,0
"Rose-breasted grosbeak","Take-off Run","Night",2,0,0
"Ruby-crowned kinglet","Climb","Dawn",2,0,0
"Ruby-throated hummingbird","Climb","Day",2,0,0
"Ruddy duck","Climb","Day",2,0,0
"Rusty blackbird","Approach","Day",2,0,0
"Saffron finch","Take-off Run","Day",2,0,0
"Sanderling","Approach","Dawn",2,0,0
"Sanderling","Approach","Night",2,0,0
"Sanderling","Climb","Day",2,0,0
"Sandhill crane","Departure","Day",2,0,0
"Sandpipers, curlews, phalaropes, allies","Landing Roll","Dawn",2,0,0
"Sandpipers, curlews, phalaropes, allies","Taxi","Night",2,0,0
"Savannah sparrow","Arrival","Day",2,0,0
"Savannah sparrow","Climb","Dawn",2,0,0
"Savannah sparrow","Descent","Dusk",2,0,0
"Scaly-breasted munia","Approach","Dusk",2,0,0
"Scaly-breasted munia","Climb","Dawn",2,0,0
"Scaly-breasted munia","Landing Roll","Dawn",2,0,0
"Scaly-breasted munia","Landing Roll","Night",2,0,0
"Scaly-breasted munia","Take-off Run","Dawn",2,0,0
"Scarlet tanager","Approach","Dawn",2,0,0
"Scissor-tailed flycatcher","Approach","Dusk",2,0,0
"Scissor-tailed flycatcher","Landing Roll","Dawn",2,0,0
"Scissor-tailed flycatcher","Take-off Run","Night",2,0,0
"Semipalmated sandpiper","Approach","Dusk",2,0,0
"Semipalmated sandpiper","Climb","Night",2,0,0
"Semipalmated sandpiper","Departure","Day",2,0,0
"Sharp-shinned hawk","Arrival","Day",2,0,0
"Short-billed dowitcher","Landing Roll","Day",2,0,0
"Short-eared owl","Local","Night",2,0,0
"Short-eared owl","Taxi","Night",2,0,0
"Silver-haired bat","Descent","Night",2,0,0
"Silver-haired bat","Landing Roll","Day",2,0,0
"Small Indian mongoose","Landing Roll","Night",2,0,0
"Snow bunting","Landing Roll","Dawn",2,0,0
"Snow bunting","Landing Roll","Dusk",2,0,0
"Snow bunting","Landing Roll","Night",2,0,0
"Snow bunting","Take-off Run","Night",2,0,0
"Snowy owl","Landing Roll","Dusk",2,0,0
"Snowy owl","Take-off Run","Dusk",2,0,0
"Solitary sandpiper","Landing Roll","Night",2,0,0
"Solitary sandpiper","Take-off Run","Day",2,0,0
"Song sparrow","Climb","Dawn",2,0,0
"Sora","Climb","Day",2,0,0
"Sora","Departure","Night",2,0,0
"Sparrows","Arrival","Night",2,0,0
"Sparrows","En Route","Dusk",2,0,0
"Spotted dove","Landing Roll","Night",2,0,0
"Spotted sandpiper","Descent","Day",2,0,0
"Spotted sandpiper","Landing Roll","Night",2,0,0
"Spotted sandpiper","Take-off Run","Day",2,0,0
"Spotted towhee","Approach","Night",2,0,0
"Sprague's pipit","Approach","Day",2,0,0
"Sprague's pipit","Landing Roll","Day",2,0,0
"Striped skunk","Landing Roll","Dawn",2,0,0
"Striped skunk","Landing Roll","Day",2,0,0
"Striped skunk","Landing Roll","Dusk",2,0,0
"Striped skunk","Taxi","Dawn",2,0,0
"Swainson's hawk","Arrival","Day",2,0,0
"Swainson's thrush","Descent","Dawn",2,0,0
"Swainson's thrush","En Route","Day",2,0,0
"Swainson's thrush","Landing Roll","Dusk",2,0,0
"Swainson's thrush","Take-off Run","Night",2,0,0
"Swamp sparrow","Approach","Dusk",2,0,0
"Swamp sparrow","Climb","Night",2,0,0
"Swamp sparrow","En Route","Night",2,0,0
"Swamp sparrow","Take-off Run","Night",2,0,0
"Swifts","Climb","Day",2,0,0
"Swine (pigs)","Take-off Run","Night",2,0,0
"Tennessee warbler","Climb","Day",2,0,0
"Tennessee warbler","En Route","Night",2,0,0
"Tennessee warbler","Take-off Run","Day",2,0,0
"Terns, noddies","Approach","Night",2,0,0
"Thick-billed longspur","Take-off Run","Day",2,0,0
"Thrushes","Climb","Day",2,0,0
"Thrushes","Descent","Night",2,0,0
"Thrushes","Landing Roll","Night",2,0,0
"Townsend's solitaire","Descent","Night",2,0,0
"Townsend's warbler","Take-off Run","Day",2,0,0
"Tree swallow","Climb","Dawn",2,0,0
"Tree swallow","Climb","Dusk",2,0,0
"Tree swallow","En Route","Day",2,0,0
"Turkey vulture","Arrival","Day",2,0,0
"Turkey vulture","Take-off Run","Night",2,0,0
"Turkey vulture","Taxi","Day",2,0,0
"Turtles","Local","Day",2,0,0
"Tyrant (New World) flycatchers","Take-off Run","Day",2,0,0
"Upland sandpiper","Approach","Dawn",2,0,0
"Upland sandpiper","Take-off Run","Dusk",2,0,0
"Varied thrush","Take-off Run","Day",2,0,0
"Vaux's swift","Take-off Run","Day",2,0,0
"Veery","Climb","Night",2,0,0
"Vesper bats","Approach","Dawn",2,0,0
"Vesper bats","Descent","Day",2,0,0
"Violet-green swallow","Climb","Day",2,0,0
"Virginia opossum","Landing Roll","Day",2,0,0
"Virginia opossum","Local","Night",2,0,0
"Warbling vireo","Approach","Dawn",2,0,0
"Warbling vireo","Climb","Night",2,0,0
"Waxbills, mannikins, parrotfinches","Approach","Day",2,0,0
"Western cattle egret","Landing Roll","Dawn",2,0,0
"Western cattle egret","Local","Day",2,0,0
"Western cattle egret","Take-off Run","Dusk",2,0,0
"Western gull","Landing Roll","Night",2,0,0
"Western gull","Taxi","Night",2,0,0
"Western kingbird","Local","Day",2,0,0
"Western kingbird","Take-off Run","Dawn",2,0,0
"Western meadowlark","Climb","Dusk",2,0,0
"Western meadowlark","Departure","Dawn",2,0,0
"Western meadowlark","Descent","Day",2,0,0
"Western sandpiper","Approach","Dawn",2,0,0
"Western sandpiper","Approach","Dusk",2,0,0
"Western sandpiper","Descent","Day",2,0,0
"Western sandpiper","Local","Day",2,0,0
"Western sandpiper","Take-off Run","Dawn",2,0,0
"Western sandpiper","Take-off Run","Dusk",2,0,0
"Western sandpiper","Take-off Run","Night",2,0,0
"Western tanager","Approach","Day",2,0,0
"Western tanager","Departure","Day",2,0,0
"Western tanager","Departure","Night",2,0,0
"Western tanager","Landing Roll","Day",2,0,0
"Western tanager","Take-off Run","Night",2,0,0
"White-/golden-crown sparrow complex","Descent","Dusk",2,0,0
"White-/golden-crown sparrow complex","Landing Roll","Day",2,0,0
"White-/golden-crown sparrow complex","Take-off Run","Day",2,0,0
"White-crowned sparrow","Climb","Day",2,0,0
"White-eyed vireo","Landing Roll","Night",2,0,0
"White-headed gull complex","Landing Roll","Dawn",2,0,0
"White-rumped sandpiper","Approach","Day",2,0,0
"White-rumped sandpiper","Take-off Run","Day",2,0,0
"White-winged dove","Climb","Dawn",2,0,0
"White-winged dove","Landing Roll","Night",2,0,0
"Wild turkey","Landing Roll","Night",2,0,0
"Willow flycatcher","Approach","Day",2,0,0
"Willow flycatcher","Approach","Night",2,0,0
"Willow flycatcher","Descent","Night",2,0,0
"Willow ptarmigan","Landing Roll","Day",2,0,0
"Wilson's snipe","Landing Roll","Dawn",2,0,0
"Wilson's snipe","Take-off Run","Night",2,0,0
"Wilson's warbler","Arrival","Night",2,0,0
"Wilson's warbler","Climb","Night",2,0,0
"Wilson's warbler","Take-off Run","Night",2,0,0
"Wood duck","Take-off Run","Night",2,0,0
"Wood thrush","Approach","Day",2,0,0
"Wood thrush","Descent","Night",2,0,0
"Woodchuck","Landing Roll","Night",2,0,0
"Woodchuck","Local","Day",2,0,0
"Woodchuck","Taxi","Day",2,0,0
"Woodchuck","Taxi","Night",2,0,0
"Woodpeckers","Approach","Night",2,0,0
"Woodpeckers","Take-off Run","Day",2,0,0
"Worm-eating warbler","Approach","Night",2,0,0
"Yellow-bellied sapsucker","Approach","Dawn",2,0,0
"Yellow-bellied sapsucker","Approach","Dusk",2,0,0
"Yellow-billed cuckoo","Climb","Dusk",2,0,0
"Yellow-billed magpie","Landing Roll","Day",2,0,0
"Yellow-breasted chat","Approach","Day",2,0,0
"Yellow-breasted chat","Climb","Night",2,0,0
"Yellow-breasted chat","Landing Roll","Dawn",2,0,0
"Yellow-headed blackbird","Landing Roll","Day",2,0,0
"Yellow-rumped warbler","Approach","Dusk",2,0,0
"Yellow-throated vireo","Approach","Night",2,0,0
"Yellow bittern","Departure","Day",2,0,0
"Yellow warbler","Arrival","Night",2,0,0
"Yellow warbler","Climb","Dawn",2,0,0
"Yellow warbler","Climb","Night",2,0,0
"Yellow warbler","Descent","Day",2,0,0
"Zebra dove","Arrival","Day",2,0,0
"Zebra dove","Landing Roll","Night",2,0,0
"Zebra dove","Local","Day",2,0,0
"Zenaida dove","Take-off Run","Day",2,0,0
"Acadian flycatcher","Descent","Night",1,0,0
"Acadian flycatcher","Landing Roll","Night",1,0,0
"Acadian flycatcher","Take-off Run","Night",1,0,0
"African collared dove","Descent","Dawn",1,0,0
"African yellow bat","Departure","Night",1,0,0
"Alder flycatcher","Departure","Night",1,0,0
"Alder flycatcher","Landing Roll","Day",1,0,0
"Alder/willow flycatcher complex","Approach","Day",1,0,0
"Alder/willow flycatcher complex","Departure","Night",1,0,0
"Alder/willow flycatcher complex","Descent","Night",1,0,0
"Alder/willow flycatcher complex","En Route","Night",1,0,0
"Alder/willow flycatcher complex","Landing Roll","Day",1,0,0
"Alder/willow flycatcher complex","Landing Roll","Night",1,0,0
"Alder/willow flycatcher complex","Take-off Run","Night",1,0,0
"Allen's hummingbird","Approach","Day",1,0,0
"Alligator snapping turtle","Landing Roll","Day",1,0,0
"American alligator","Landing Roll","Day",1,0,0
"American alligator","Landing Roll","Dusk",1,0,0
"American alligator","Taxi","Day",1,0,0
"American avocet","Approach","Day",1,0,0
"American avocet","Departure","Day",1,0,0
"American badger","Landing Roll","Night",1,0,0
"American barn owl","Arrival","Day",1,0,0
"American barn owl","Climb","Dusk",1,0,0
"American barn owl","Departure","Night",1,0,0
"American barn owl","Taxi","Day",1,0,0
"American barn owl","Taxi","Dusk",1,0,0
"American bittern","Landing Roll","Day",1,0,0
"American black bear","Approach","Day",1,0,0
"American black bear","Take-off Run","Night",1,0,0
"American black duck","Arrival","Day",1,0,0
"American black duck","Climb","Dawn",1,0,0
"American black duck","Descent","Night",1,0,0
"American black duck","Landing Roll","Night",1,0,0
"American black duck","Taxi","Night",1,0,0
"American coot","Approach","Dawn",1,0,0
"American coot","Climb","Dawn",1,0,0
"American coot","Departure","Night",1,0,0
"American coot","Landing Roll","Dawn",1,0,0
"American coot","Take-off Run","Dusk",1,0,0
"American crow","Landing Roll","Dawn",1,0,0
"American crow","Taxi","Dawn",1,0,0
"American golden-plover","Arrival","Day",1,0,0
"American golden-plover","Arrival","Night",1,0,0
"American golden-plover","Climb","Dusk",1,0,0
"American golden-plover","Climb","Night",1,0,0
"American golden-plover","En Route","Day",1,0,0
"American golden-plover","Landing Roll","Dawn",1,0,0
"American goldfinch","Descent","Day",1,0,0
"American goldfinch","En Route","Dawn",1,0,0
"American goldfinch","Landing Roll","Night",1,0,0
"American goshawk","Take-off Run","Dawn",1,0,0
"American kestrel","Arrival","Dusk",1,0,0
"American kestrel","Departure","Dawn",1,0,0
"American kestrel","Departure","Night",1,0,0
"American kestrel","Descent","Night",1,0,0
"American kestrel","En Route","Dusk",1,0,0
"American kestrel","Local","Dawn",1,0,0
"American kestrel","Parked","Day",1,0,0
"American mink","Landing Roll","Night",1,0,0
"American oystercatcher","Landing Roll","Day",1,0,0
"American oystercatcher","Landing Roll","Night",1,0,0
"American oystercatcher","Take-off Run","Day",1,0,0
"American pipit","Arrival","Day",1,0,0
"American pipit","Climb","Night",1,0,0
"American pipit","Departure","Day",1,0,0
"American pipit","Descent","Day",1,0,0
"American pipit","En Route","Night",1,0,0
"American pipit","Landing Roll","Dawn",1,0,0
"American pipit","Local","Day",1,0,0
"American pipit","Local","Dusk",1,0,0
"American pipit","Take-off Run","Dawn",1,0,0
"American redstart","Approach","Dusk",1,0,0
"American redstart","Arrival","Night",1,0,0
"American redstart","Climb","Day",1,0,0
"American redstart","Departure","Day",1,0,0
"American redstart","Departure","Night",1,0,0
"American redstart","Descent","Day",1,0,0
"American robin","Arrival","Dawn",1,0,0
"American robin","Descent","Dawn",1,0,0
"American robin","En Route","Dusk",1,0,0
"American robin","Local","Dusk",1,0,0
"American robin","Taxi","Day",1,0,0
"American tree sparrow","Approach","Day",1,0,0
"American tree sparrow","Arrival","Day",1,0,0
"American tree sparrow","Landing Roll","Dawn",1,0,0
"American tree sparrow","Landing Roll","Day",1,0,0
"American tree sparrow","Local","Day",1,0,0
"American white pelican","Approach","Night",1,0,0
"American wigeon","Landing Roll","Night",1,0,0
"American woodcock","Approach","Dawn",1,0,0
"American woodcock","Climb","Dusk",1,0,0
"American woodcock","Departure","Day",1,0,0
"American woodcock","Parked","Dawn",1,0,0
"American woodcock","Take-off Run","Dusk",1,0,0
"Angolan free-tailed bat","Climb","Night",1,0,0
"Anhinga","Approach","Dawn",1,0,0
"Anhinga","Arrival","Day",1,0,0
"Anhinga","Take-off Run","Day",1,0,0
"Anna's hummingbird","Departure","Day",1,0,0
"Antillean nighthawk","Departure","Day",1,0,0
"Antillean nighthawk","Take-off Run","Day",1,0,0
"Antillean nighthawk","Take-off Run","Dusk",1,0,0
"Antillean nighthawk","Taxi","Night",1,0,0
"Antillean palm swift","Climb","Day",1,0,0
"Antillean palm swift","Departure","Dawn",1,0,0
"Arctic tern","Take-off Run","Day",1,0,0
"Avocets,stilts","Approach","Night",1,0,0
"Axis deer","Approach","Night",1,0,0
"Baird's sandpiper","Approach","Night",1,0,0
"Baird's sandpiper","Take-off Run","Dawn",1,0,0
"Baird's sandpiper","Take-off Run","Dusk",1,0,0
"Baird's sandpiper","Take-off Run","Night",1,0,0
"Baird's sparrow","Approach","Day",1,0,0
"Bald eagle","Arrival","Day",1,0,0
"Baltimore oriole","Climb","Day",1,0,0
"Baltimore oriole","Climb","Night",1,0,0
"Baltimore oriole","Departure","Night",1,0,0
"Baltimore oriole","En Route","Day",1,0,0
"Baltimore oriole","Landing Roll","Night",1,0,0
"Baltimore oriole","Take-off Run","Dawn",1,0,0
"Band-rumped storm-petrel","Approach","Night",1,0,0
"Band-tailed pigeon","Approach","Dusk",1,0,0
"Band-tailed pigeon","Climb","Night",1,0,0
"Band-tailed pigeon","Take-off Run","Dawn",1,0,0
"Band-tailed pigeon","Take-off Run","Night",1,0,0
"Bank swallow","Approach","Dawn",1,0,0
"Bank swallow","Climb","Dawn",1,0,0
"Bank swallow","Climb","Dusk",1,0,0
"Bank swallow","En Route","Day",1,0,0
"Bank swallow","Landing Roll","Dawn",1,0,0
"Bank swallow","Take-off Run","Night",1,0,0
"Bare-eyed pigeon","Take-off Run","Day",1,0,0
"Barn swallow","Departure","Dusk",1,0,0
"Barn swallow","En Route","Dusk",1,0,0
"Barn swallow","En Route","Night",1,0,0
"Barn swallow","Local","Night",1,0,0
"Barred owl","Approach","Day",1,0,0
"Barred owl","Take-off Run","Day",1,0,0
"Barrow's goldeneye","Take-off Run","Night",1,0,0
"Bay-breasted warbler","Departure","Day",1,0,0
"Bay-breasted warbler","Descent","Dawn",1,0,0
"Bay-breasted warbler","Descent","Night",1,0,0
"Bay-breasted warbler","Take-off Run","Dawn",1,0,0
"Bearded seal","Local","Day",1,0,0
"Bell's sparrow","Approach","Day",1,0,0
"Bell's sparrow","Approach","Night",1,0,0
"Belted kingfisher","Climb","Day",1,0,0
"Belted kingfisher","Departure","Day",1,0,0
"Belted kingfisher","Landing Roll","Day",1,0,0
"Big brown bat","Descent","Dusk",1,0,0
"Big brown bat","Local","Night",1,0,0
"Big brown bat","Take-off Run","Day",1,0,0
"Big free-tailed bat","En Route","Day",1,0,0
"Big free-tailed bat","Landing Roll","Night",1,0,0
"Black-and-white warbler","Climb","Night",1,0,0
"Black-and-white warbler","Departure","Day",1,0,0
"Black-and-white warbler","Departure","Night",1,0,0
"Black-and-white warbler","Descent","Night",1,0,0
"Black-and-white warbler","Take-off Run","Night",1,0,0
"Black-bellied plover","Arrival","Night",1,0,0
"Black-bellied plover","Landing Roll","Dusk",1,0,0
"Black-bellied whistling-duck","Approach","Night",1,0,0
"Black-bellied whistling-duck","Climb","Day",1,0,0
"Black-bellied whistling-duck","Departure","Night",1,0,0
"Black-billed cuckoo","Climb","Night",1,0,0
"Black-billed cuckoo","En Route","Day",1,0,0
"Black-billed magpie","Approach","Dusk",1,0,0
"Black-billed magpie","Departure","Day",1,0,0
"Black-billed magpie","Landing Roll","Dusk",1,0,0
"Black-crowned night heron","Climb","Dawn",1,0,0
"Black-crowned night heron","Local","Dawn",1,0,0
"Black-crowned sparrow lark","Approach","Day",1,0,0
"Black-faced bunting","Climb","Night",1,0,0
"Black-footed albatross","Take-off Run","Night",1,0,0
"Black-footed albatross","Taxi","Night",1,0,0
"Black-headed grosbeak","Landing Roll","Day",1,0,0
"Black-headed grosbeak","Take-off Run","Day",1,0,0
"Black-headed gull","Approach","Day",1,0,0
"Black-headed gull","Take-off Run","Day",1,0,0
"Black-headed gull complex","Climb","Night",1,0,0
"Black-headed gull complex","Local","Dawn",1,0,0
"Black-headed gull complex","Take-off Run","Day",1,0,0
"Black-legged kittiwake","Approach","Day",1,0,0
"Black-necked stilt","Descent","Night",1,0,0
"Black-necked stilt","Landing Roll","Night",1,0,0
"Black-necked stilt","Take-off Run","Dusk",1,0,0
"Black-tailed jackrabbit","Approach","Night",1,0,0
"Black-tailed jackrabbit","Climb","Night",1,0,0
"Black-tailed jackrabbit","Local","Dawn",1,0,0
"Black-tailed jackrabbit","Taxi","Day",1,0,0
"Black-tailed prairie dog","Departure","Day",1,0,0
"Black-tailed prairie dog","Landing Roll","Dusk",1,0,0
"Black-throated blue warbler","Approach","Dusk",1,0,0
"Black-throated blue warbler","Departure","Dawn",1,0,0
"Black-throated blue warbler","Departure","Day",1,0,0
"Black-throated blue warbler","En Route","Night",1,0,0
"Black-throated blue warbler","Take-off Run","Night",1,0,0
"Black-throated gray warbler","Climb","Night",1,0,0
"Black-throated gray warbler","Departure","Dawn",1,0,0
"Black-throated gray warbler","Landing Roll","Night",1,0,0
"Black-throated green warbler","Approach","Day",1,0,0
"Black-throated green warbler","Departure","Day",1,0,0
"Black-throated green warbler","Descent","Day",1,0,0
"Black-throated green warbler","Landing Roll","Day",1,0,0
"Black-throated sparrow","Approach","Day",1,0,0
"Black-throated sparrow","Approach","Night",1,0,0
"Black-throated sparrow","Climb","Day",1,0,0
"Black-throated sparrow","Climb","Night",1,0,0
"Black-throated sparrow","Departure","Day",1,0,0
"Black drongo","Climb","Day",1,0,0
"Black drongo","Taxi","Day",1,0,0
"Black francolin","Landing Roll","Dawn",1,0,0
"Black francolin","Landing Roll","Day",1,0,0
"Black noddy","Approach","Day",1,0,0
"Black noddy","Landing Roll","Dawn",1,0,0
"Black phoebe","Approach","Dusk",1,0,0
"Black phoebe","Approach","Night",1,0,0
"Black phoebe","Departure","Day",1,0,0
"Black phoebe","Landing Roll","Day",1,0,0
"Black skimmer","Landing Roll","Day",1,0,0
"Black swift","Approach","Day",1,0,0
"Black swift","Descent","Day",1,0,0
"Black tern","Climb","Day",1,0,0
"Black tern","Departure","Night",1,0,0
"Black tern","Landing Roll","Day",1,0,0
"Black vulture","Climb","Dawn",1,0,0
"Blackbirds","Departure","Day",1,0,0
"Blackbirds","Landing Roll","Dawn",1,0,0
"Blackbirds","Local","Day",1,0,0
"Blackbirds","Taxi","Day",1,0,0
"Blackburnian warbler","Climb","Day",1,0,0
"Blackburnian warbler","Climb","Night",1,0,0
"Blackburnian warbler","Descent","Night",1,0,0
"Blackburnian warbler","Landing Roll","Day",1,0,0
"Blackpoll warbler","Approach","Dawn",1,0,0
"Blackpoll warbler","Arrival","Day",1,0,0
"Blackpoll warbler","Descent","Day",1,0,0
"Blackpoll warbler","Descent","Night",1,0,0
"Blackpoll warbler","Landing Roll","Dusk",1,0,0
"Blackpoll warbler","Take-off Run","Night",1,0,0
"Blackpoll warbler","Taxi","Day",1,0,0
"Blue-and-white swallow","Take-off Run","Day",1,0,0
"Blue-billed white tern","Approach","Dawn",1,0,0
"Blue-billed white tern","Climb","Night",1,0,0
"Blue-billed white tern","Landing Roll","Day",1,0,0
"Blue-billed white tern","Local","Day",1,0,0
"Blue-billed white tern","Take-off Run","Dawn",1,0,0
"Blue-black grassquit","Departure","Day",1,0,0
"Blue-crowned parakeet","Approach","Day",1,0,0
"Blue-gray gnatcatcher","Approach","Dawn",1,0,0
"Blue-gray gnatcatcher","Approach","Night",1,0,0
"Blue-gray gnatcatcher","Climb","Night",1,0,0
"Blue-gray gnatcatcher","Take-off Run","Day",1,0,0
"Blue-headed vireo","Climb","Night",1,0,0
"Blue-headed vireo","Landing Roll","Night",1,0,0
"Blue-winged teal","Descent","Day",1,0,0
"Blue-winged teal","Landing Roll","Dawn",1,0,0
"Blue-winged warbler","Approach","Night",1,0,0
"Blue grosbeak","Take-off Run","Day",1,0,0
"Blue jay","Approach","Dusk",1,0,0
"Blue jay","Descent","Day",1,0,0
"Blue jay","Landing Roll","Night",1,0,0
"Boat-tailed grackle","Landing Roll","Dusk",1,0,0
"Boat-tailed grackle","Local","Day",1,0,0
"Boat-tailed grackle","Take-off Run","Dusk",1,0,0
"Bobolink","Approach","Dusk",1,0,0
"Bobolink","Climb","Day",1,0,0
"Bobolink","Climb","Night",1,0,0
"Bobolink","Departure","Day",1,0,0
"Bobolink","Landing Roll","Dusk",1,0,0
"Bonaparte's gull","Approach","Dawn",1,0,0
"Bonaparte's gull","Approach","Dusk",1,0,0
"Bonaparte's gull","Arrival","Day",1,0,0
"Bonaparte's gull","Descent","Night",1,0,0
"Bonaparte's gull","En Route","Day",1,0,0
"Brandt's cormorant","Approach","Day",1,0,0
"Brandt's cormorant","Take-off Run","Day",1,0,0
"Brant","Descent","Dusk",1,0,0
"Brant","Take-off Run","Dusk",1,0,0
"Brazilian free-tailed bat","Approach","Dawn",1,0,0
"Brazilian free-tailed bat","Climb","Dusk",1,0,0
"Brazilian free-tailed bat","Descent","Day",1,0,0
"Brazilian free-tailed bat","En Route","Day",1,0,0
"Brazilian free-tailed bat","En Route","Night",1,0,0
"Brewer's blackbird","Approach","Dawn",1,0,0
"Brewer's blackbird","Take-off Run","Dawn",1,0,0
"Brewer's sparrow","Arrival","Night",1,0,0
"Brewer's sparrow","Climb","Dawn",1,0,0
"Brewer's sparrow","Descent","Night",1,0,0
"Brewer's sparrow","En Route","Night",1,0,0
"Brewer's sparrow","Landing Roll","Day",1,0,0
"Brewer's sparrow","Landing Roll","Night",1,0,0
"Broad-tailed hummingbird","Arrival","Night",1,0,0
"Bronze mannikin","Take-off Run","Day",1,0,0
"Brown-headed cowbird","Approach","Dawn",1,0,0
"Brown-headed cowbird","Arrival","Day",1,0,0
"Brown-headed cowbird","Climb","Dusk",1,0,0
"Brown-headed cowbird","Descent","Dusk",1,0,0
"Brown-headed cowbird","Landing Roll","Dawn",1,0,0
"Brown-headed cowbird","Local","Day",1,0,0
"Brown-headed cowbird","Local","Night",1,0,0
"Brown-throated parakeet","Climb","Day",1,0,0
"Brown booby","Approach","Day",1,0,0
"Brown booby","Take-off Run","Day",1,0,0
"Brown creeper","Approach","Day",1,0,0
"Brown noddy","Climb","Dusk",1,0,0
"Brown pelican","Departure","Night",1,0,0
"Brown pelican","Local","Day",1,0,0
"Brown pelican","Taxi","Day",1,0,0
"Brown thrasher","Climb","Day",1,0,0
"Brown thrasher","Climb","Night",1,0,0
"Brown thrasher","Landing Roll","Night",1,0,0
"Brown thrasher","Take-off Run","Dawn",1,0,0
"Brown thrasher","Take-off Run","Day",1,0,0
"Budgerigar","Approach","Day",1,0,0
"Buff-breasted sandpiper","Local","Day",1,0,0
"Bufflehead","Taxi","Night",1,0,0
"Bullock's oriole","Climb","Day",1,0,0
"Burrowing owl","Approach","Day",1,0,0
"Burrowing owl","Climb","Day",1,0,0
"Burrowing owl","Departure","Dawn",1,0,0
"Burrowing owl","Descent","Night",1,0,0
"Bushtit","Take-off Run","Night",1,0,0
"Cackling goose","Landing Roll","Night",1,0,0
"Cackling goose","Take-off Run","Night",1,0,0
"Cactus wren","Take-off Run","Day",1,0,0
"California ground squirrel","Landing Roll","Night",1,0,0
"California gull","Climb","Night",1,0,0
"California gull","Landing Roll","Dawn",1,0,0
"California gull","Take-off Run","Dawn",1,0,0
"California gull","Take-off Run","Dusk",1,0,0
"California gull","Taxi","Night",1,0,0
"California towhee","Landing Roll","Day",1,0,0
"Canada goose","Arrival","Night",1,0,0
"Canada goose","Descent","Dusk",1,0,0
"Canada goose","Taxi","Dawn",1,0,0
"Canada jay","Approach","Day",1,0,0
"Canada warbler","Climb","Dawn",1,0,0
"Canada warbler","Climb","Day",1,0,0
"Canada warbler","Descent","Night",1,0,0
"Canada warbler","Take-off Run","Night",1,0,0
"Canids","Take-off Run","Night",1,0,0
"Canvasback","Take-off Run","Dawn",1,0,0
"Cape May warbler","Climb","Night",1,0,0
"Cape May warbler","En Route","Dusk",1,0,0
"Cape May warbler","Take-off Run","Night",1,0,0
"Cape serotine","Take-off Run","Night",1,0,0
"Caribbean martin","Landing Roll","Day",1,0,0
"Caribou","Approach","Day",1,0,0
"Carolina chickadee","Landing Roll","Day",1,0,0
"Carolina chickadee","Take-off Run","Day",1,0,0
"Carolina wren","Approach","Day",1,0,0
"Carolina wren","Climb","Day",1,0,0
"Carrion crow","Approach","Night",1,0,0
"Caspian tern","Arrival","Day",1,0,0
"Caspian tern","Climb","Dawn",1,0,0
"Caspian tern","Climb","Day",1,0,0
"Caspian tern","Departure","Dawn",1,0,0
"Caspian tern","Departure","Day",1,0,0
"Caspian tern","Take-off Run","Dusk",1,0,0
"Cassin's finch","Approach","Day",1,0,0
"Cassin's finch","Landing Roll","Day",1,0,0
"Cassin's vireo","Approach","Day",1,0,0
"Cave swallow","Approach","Night",1,0,0
"Cave swallow","Descent","Day",1,0,0
"Cave swallow","Landing Roll","Dusk",1,0,0
"Cave swallow","Landing Roll","Night",1,0,0
"Cave swallow","Take-off Run","Dusk",1,0,0
"Cave swallow","Take-off Run","Night",1,0,0
"Cedar waxwing","Climb","Dawn",1,0,0
"Cedar waxwing","Departure","Day",1,0,0
"Cedar waxwing","En Route","Dawn",1,0,0
"Cedar waxwing","En Route","Dusk",1,0,0
"Cedar waxwing","En Route","Night",1,0,0
"Cedar waxwing","Landing Roll","Dusk",1,0,0
"Cedar waxwing","Local","Dawn",1,0,0
"Cedar waxwing","Local","Day",1,0,0
"Cedar waxwing","Take-off Run","Dawn",1,0,0
"Cedar waxwing","Take-off Run","Dusk",1,0,0
"Checkered garter snake","Taxi","Night",1,0,0
"Chestnut-collared longspur","Climb","Day",1,0,0
"Chestnut-sided warbler","Approach","Dawn",1,0,0
"Chestnut-sided warbler","Approach","Dusk",1,0,0
"Chestnut-sided warbler","Climb","Night",1,0,0
"Chestnut-sided warbler","En Route","Night",1,0,0
"Chestnut-sided warbler","Take-off Run","Night",1,0,0
"Chestnut munia","Approach","Dawn",1,0,0
"Chestnut munia","Landing Roll","Night",1,0,0
"Chestnut munia","Local","Night",1,0,0
"Chestnut munia","Take-off Run","Night",1,0,0
"Chihuahuan meadowlark","Departure","Day",1,0,0
"Chimney swift","Descent","Dusk",1,0,0
"Chimney swift","Take-off Run","Dawn",1,0,0
"Chimney swift","Taxi","Day",1,0,0
"Chipping sparrow","Arrival","Day",1,0,0
"Chipping sparrow","Arrival","Night",1,0,0
"Chipping sparrow","Climb","Dusk",1,0,0
"Chipping sparrow","Take-off Run","Dawn",1,0,0
"Chipping sparrow","Take-off Run","Day",1,0,0
"Chipping sparrow","Take-off Run","Dusk",1,0,0
"Chuck-will's-widow","Landing Roll","Day",1,0,0
"Chuck-will's-widow","Take-off Run","Day",1,0,0
"Chukar","Landing Roll","Night",1,0,0
"Chukar","Take-off Run","Day",1,0,0
"Chukar","Taxi","Dawn",1,0,0
"Clark's nutcracker","Approach","Day",1,0,0
"Clay-colored sparrow","Departure","Night",1,0,0
"Clay-colored sparrow","Descent","Day",1,0,0
"Clay-colored sparrow","Landing Roll","Dusk",1,0,0
"Clay-colored sparrow","Landing Roll","Night",1,0,0
"Clay-colored sparrow","Take-off Run","Day",1,0,0
"Cliff swallow","Arrival","Dusk",1,0,0
"Cliff swallow","Local","Dusk",1,0,0
"Cliff swallow","Parked","Day",1,0,0
"Cliff swallow","Taxi","Night",1,0,0
"Collared peccary","Take-off Run","Night",1,0,0
"Common box turtle","Take-off Run","Day",1,0,0
"Common box turtle","Taxi","Day",1,0,0
"Common box turtle","Taxi","Dusk",1,0,0
"Common chaffinch","Departure","Day",1,0,0
"Common chaffinch","Take-off Run","Day",1,0,0
"Common gallinule","Approach","Night",1,0,0
"Common goldeneye","Descent","Dusk",1,0,0
"Common grackle","Approach","Dawn",1,0,0
"Common grackle","Landing Roll","Dusk",1,0,0
"Common grackle","Local","Day",1,0,0
"Common gray fox","Landing Roll","Dawn",1,0,0
"Common gray fox","Landing Roll","Day",1,0,0
"Common ground dove","Approach","Night",1,0,0
"Common ground dove","Landing Roll","Dusk",1,0,0
"Common ground dove","Take-off Run","Dawn",1,0,0
"Common ground dove","Take-off Run","Dusk",1,0,0
"Common gull","Approach","Night",1,0,0
"Common gull","Take-off Run","Day",1,0,0
"Common loon","Landing Roll","Dawn",1,0,0
"Common loon","Take-off Run","Day",1,0,0
"Common merganser","Climb","Dawn",1,0,0
"Common myna","Approach","Dawn",1,0,0
"Common myna","Climb","Dawn",1,0,0
"Common myna","Departure","Night",1,0,0
"Common myna","Parked","Day",1,0,0
"Common myna","Take-off Run","Dawn",1,0,0
"Common myna","Take-off Run","Night",1,0,0
"Common nighthawk","Arrival","Day",1,0,0
"Common nighthawk","Departure","Night",1,0,0
"Common nighthawk","Descent","Dawn",1,0,0
"Common nighthawk","Descent","Dusk",1,0,0
"Common nighthawk","En Route","Night",1,0,0
"Common nighthawk","Local","Dusk",1,0,0
"Common poorwill","Landing Roll","Night",1,0,0
"Common raven","Approach","Dusk",1,0,0
"Common snapping turtle","Approach","Day",1,0,0
"Common snapping turtle","Local","Night",1,0,0
"Common snapping turtle","Take-off Run","Night",1,0,0
"Common snapping turtle","Taxi","Day",1,0,0
"Common snapping turtle","Taxi","Night",1,0,0
"Common snipe","Approach","Night",1,0,0
"Common snipe","Landing Roll","Day",1,0,0
"Common swift","Climb","Night",1,0,0
"Common tern","Arrival","Night",1,0,0
"Common tern","Take-off Run","Day",1,0,0
"Common tern","Taxi","Dusk",1,0,0
"Common wood-pigeon","Approach","Day",1,0,0
"Common wood-pigeon","Climb","Dawn",1,0,0
"Common wood-pigeon","Climb","Day",1,0,0
"Common wood-pigeon","Climb","Night",1,0,0
"Common yellowthroat","Approach","Dusk",1,0,0
"Common yellowthroat","Arrival","Day",1,0,0
"Common yellowthroat","Climb","Dawn",1,0,0
"Common yellowthroat","Departure","Day",1,0,0
"Common yellowthroat","Descent","Day",1,0,0
"Common yellowthroat","Take-off Run","Night",1,0,0
"Cooper's hawk","Descent","Day",1,0,0
"Cooper's hawk","En Route","Day",1,0,0
"Cooper's hawk","Landing Roll","Dawn",1,0,0
"Cooper's hawk","Landing Roll","Dusk",1,0,0
"Cooper's hawk","Take-off Run","Dawn",1,0,0
"Cormorants","Approach","Day",1,0,0
"Corn snake","Taxi","Night",1,0,0
"Costa's hummingbird","Approach","Day",1,0,0
"Costa's hummingbird","Departure","Day",1,0,0
"Coyote","Arrival","Day",1,0,0
"Coyote","Climb","Dawn",1,0,0
"Coypu (nutria)","Landing Roll","Day",1,0,0
"Cranes","Approach","Night",1,0,0
"Crows","Approach","Dusk",1,0,0
"Crows","Climb","Night",1,0,0
"Crows","Departure","Day",1,0,0
"Crows","Landing Roll","Dawn",1,0,0
"Crows","Take-off Run","Dusk",1,0,0
"Crows, ravens","Approach","Night",1,0,0
"Crows, ravens","En Route","Day",1,0,0
"Crows, ravens","Landing Roll","Day",1,0,0
"Cuckoos","Approach","Day",1,0,0
"Dark-eyed junco","Arrival","Night",1,0,0
"Dark-eyed junco","Climb","Day",1,0,0
"Dark-eyed junco","Departure","Night",1,0,0
"Dark-eyed junco","Descent","Day",1,0,0
"Dark-eyed junco","En Route","Day",1,0,0
"Dark-eyed junco","Landing Roll","Dawn",1,0,0
"Dark-eyed junco","Landing Roll","Dusk",1,0,0
"Dark-eyed junco","Take-off Run","Dusk",1,0,0
"Dark-eyed junco","Taxi","Day",1,0,0
"Deer","Climb","Night",1,0,0
"Desert cottontail","Landing Roll","Day",1,0,0
"Desert cottontail","Local","Dusk",1,0,0
"Diamondback terrapin","Landing Roll","Day",1,0,0
"Diamondback terrapin","Take-off Run","Day",1,0,0
"Dickcissel","Climb","Night",1,0,0
"Dickcissel","Departure","Day",1,0,0
"Dickcissel","Local","Day",1,0,0
"Dickcissel","Take-off Run","Day",1,0,0
"Dickcissel","Take-off Run","Night",1,0,0
"Diving duck (Aythya)","Approach","Day",1,0,0
"Diving duck (Aythya)","Climb","Day",1,0,0
"Diving duck (Aythya)","Take-off Run","Night",1,0,0
"Domestic/feral cat","Landing Roll","Day",1,0,0
"Domestic/feral cat","Landing Roll","Dusk",1,0,0
"Domestic/feral cat","Local","Night",1,0,0
"Domestic/feral dog","Approach","Night",1,0,0
"Domestic/feral dog","Take-off Run","Dusk",1,0,0
"Domestic/feral dog","Taxi","Night",1,0,0
"Double-crested cormorant","Climb","Night",1,0,0
"Double-crested cormorant","Departure","Night",1,0,0
"Double-crested cormorant","Landing Roll","Dawn",1,0,0
"Double-striped thick-knee","Take-off Run","Night",1,0,0
"Doves","Departure","Dusk",1,0,0
"Doves","Parked","Day",1,0,0
"Doves","Taxi","Night",1,0,0
"Downy woodpecker","Approach","Dawn",1,0,0
"Downy woodpecker","Approach","Day",1,0,0
"Downy woodpecker","Approach","Night",1,0,0
"Downy woodpecker","Landing Roll","Day",1,0,0
"Ducks","Local","Day",1,0,0
"Ducks","Taxi","Day",1,0,0
"Ducks","Taxi","Night",1,0,0
"Ducks, geese, swans","En Route","Dusk",1,0,0
"Ducks, geese, swans","Landing Roll","Day",1,0,0
"Ducks, geese, swans","Landing Roll","Night",1,0,0
"Ducks, geese, swans","Take-off Run","Dusk",1,0,0
"Dunlin","Climb","Dawn",1,0,0
"Dunlin","Climb","Dusk",1,0,0
"Dunlin","Departure","Night",1,0,0
"Dunlin","Landing Roll","Dawn",1,0,0
"Dunlin","Local","Day",1,0,0
"Dunlin","Take-off Run","Dusk",1,0,0
"Dusky flycatcher","Approach","Night",1,0,0
"Dusky flycatcher","Descent","Night",1,0,0
"Dusky flycatcher","En Route","Night",1,0,0
"Eagles","Landing Roll","Night",1,0,0
"Eagles","Take-off Run","Dawn",1,0,0
"Eared dove","Take-off Run","Day",1,0,0
"Eared grebe","Descent","Night",1,0,0
"Eared grebe","Landing Roll","Dawn",1,0,0
"Eastern barn owl","Approach","Night",1,0,0
"Eastern bluebird","Approach","Dusk",1,0,0
"Eastern bluebird","Local","Day",1,0,0
"Eastern bluebird","Take-off Run","Day",1,0,0
"Eastern cattle egret","Taxi","Day",1,0,0
"Eastern cottontail","Arrival","Night",1,0,0
"Eastern cottontail","Landing Roll","Dawn",1,0,0
"Eastern cottontail","Taxi","Dawn",1,0,0
"Eastern diamondback rattlesnake","Landing Roll","Day",1,0,0
"Eastern kingbird","Approach","Dusk",1,0,0
"Eastern kingbird","Landing Roll","Night",1,0,0
"Eastern meadowlark","Departure","Dusk",1,0,0
"Eastern meadowlark","Departure","Night",1,0,0
"Eastern meadowlark","Descent","Night",1,0,0
"Eastern meadowlark","En Route","Night",1,0,0
"Eastern meadowlark","Local","Night",1,0,0
"Eastern meadowlark","Taxi","Dusk",1,0,0
"Eastern meadowlark","Taxi","Night",1,0,0
"Eastern phoebe","Approach","Day",1,0,0
"Eastern phoebe","Climb","Dawn",1,0,0
"Eastern phoebe","Descent","Night",1,0,0
"Eastern phoebe","Take-off Run","Dawn",1,0,0
"Eastern phoebe","Take-off Run","Day",1,0,0
"Eastern phoebe","Take-off Run","Dusk",1,0,0
"Eastern red bat","Approach","Dawn",1,0,0
"Eastern red bat","Departure","Day",1,0,0
"Eastern red bat","Departure","Dusk",1,0,0
"Eastern red bat","Departure","Night",1,0,0
"Eastern red bat","En Route","Day",1,0,0
"Eastern red bat","Landing Roll","Dusk",1,0,0
"Eastern screech-owl","Climb","Night",1,0,0
"Eastern small-footed myotis","Approach","Night",1,0,0
"Eastern towhee","Approach","Day",1,0,0
"Eastern whip-poor-will","Approach","Night",1,0,0
"Eastern whip-poor-will","Take-off Run","Night",1,0,0
"Eastern wood-pewee","Approach","Dawn",1,0,0
"Eastern wood-pewee","Approach","Dusk",1,0,0
"Eastern wood-pewee","Departure","Day",1,0,0
"Eastern wood-pewee","Landing Roll","Day",1,0,0
"Eastern wood-pewee","Take-off Run","Night",1,0,0
"Egrets","Approach","Dusk",1,0,0
"Egrets","Climb","Dawn",1,0,0
"Egrets","Climb","Dusk",1,0,0
"Egrets","En Route","Day",1,0,0
"Egrets","Landing Roll","Dawn",1,0,0
"Egrets","Parked","Day",1,0,0
"Egrets","Take-off Run","Dawn",1,0,0
"Egrets","Taxi","Night",1,0,0
"Egyptian free-tailed bat","Climb","Night",1,0,0
"Egyptian free-tailed bat","Departure","Night",1,0,0
"Egyptian goose","Take-off Run","Day",1,0,0
"Elegant tern","Approach","Night",1,0,0
"Emperor goose","Approach","Day",1,0,0
"Eurasian buzzard","Approach","Night",1,0,0
"Eurasian buzzard","En Route","Day",1,0,0
"Eurasian buzzard","Landing Roll","Day",1,0,0
"Eurasian collared dove","Climb","Dawn",1,0,0
"Eurasian collared dove","Departure","Day",1,0,0
"Eurasian collared dove","Landing Roll","Dusk",1,0,0
"Eurasian coot","Departure","Night",1,0,0
"Eurasian curlew","Approach","Day",1,0,0
"Eurasian kestrel","Climb","Day",1,0,0
"Eurasian kestrel","Landing Roll","Day",1,0,0
"Eurasian kestrel","Local","Day",1,0,0
"Eurasian skylark","Approach","Dawn",1,0,0
"Eurasian skylark","Approach","Night",1,0,0
"Eurasian skylark","Arrival","Day",1,0,0
"Eurasian skylark","Climb","Night",1,0,0
"Eurasian skylark","Local","Day",1,0,0
"Eurasian skylark","Take-off Run","Dawn",1,0,0
"Eurasian wigeon","Take-off Run","Day",1,0,0
"European starling","Arrival","Night",1,0,0
"European starling","Departure","Dawn",1,0,0
"European starling","Departure","Night",1,0,0
"European starling","Descent","Dusk",1,0,0
"European starling","Local","Dusk",1,0,0
"European starling","Taxi","Dusk",1,0,0
"Evening bat","Approach","Dusk",1,0,0
"Evening bat","Departure","Night",1,0,0
"Evening bat","Landing Roll","Day",1,0,0
"Evening bat","Landing Roll","Dusk",1,0,0
"Evening grosbeak","Approach","Day",1,0,0
"Falcons, caracaras","Take-off Run","Day",1,0,0
"Falcons, kestrels, falconets","Approach","Dawn",1,0,0
"Falcons, kestrels, falconets","Departure","Night",1,0,0
"Falcons, kestrels, falconets","En Route","Night",1,0,0
"Falcons, kestrels, falconets","Take-off Run","Dusk",1,0,0
"Falcons, kestrels, falconets","Taxi","Day",1,0,0
"Ferruginous hawk","Approach","Dusk",1,0,0
"Ferruginous hawk","Take-off Run","Dawn",1,0,0
"Field sparrow","Landing Roll","Night",1,0,0
"Finches, euphonias","Approach","Dusk",1,0,0
"Finches, euphonias","Arrival","Day",1,0,0
"Finches, euphonias","Climb","Night",1,0,0
"Finches, euphonias","En Route","Day",1,0,0
"Finches, euphonias","En Route","Night",1,0,0
"Finches, euphonias","Landing Roll","Dawn",1,0,0
"Finches, euphonias","Landing Roll","Dusk",1,0,0
"Finches, euphonias","Take-off Run","Dawn",1,0,0
"Fish crow","Approach","Day",1,0,0
"Fish crow","Climb","Day",1,0,0
"Florida bonneted bat","Approach","Night",1,0,0
"Florida softshell turtle","Landing Roll","Day",1,0,0
"Flying foxes","Approach","Night",1,0,0
"Forster's tern","Approach","Dusk",1,0,0
"Forster's tern","Landing Roll","Day",1,0,0
"Forster's tern","Take-off Run","Day",1,0,0
"Fox sparrow","Approach","Dawn",1,0,0
"Fox sparrow","Approach","Dusk",1,0,0
"Fox sparrow","Departure","Night",1,0,0
"Fox sparrow","Take-off Run","Day",1,0,0
"Foxes","Landing Roll","Day",1,0,0
"Foxes","Landing Roll","Dusk",1,0,0
"Franklin's gull","Landing Roll","Dawn",1,0,0
"Franklin's gull","Landing Roll","Dusk",1,0,0
"Free-tailed bats","Approach","Dusk",1,0,0
"Free-tailed bats","Climb","Day",1,0,0
"Free-tailed bats","Climb","Dusk",1,0,0
"Free-tailed bats","Departure","Day",1,0,0
"Free-tailed bats","Landing Roll","Dawn",1,0,0
"Free-tailed bats","Take-off Run","Dawn",1,0,0
"Free-tailed bats","Take-off Run","Day",1,0,0
"Free-tailed bats","Take-off Run","Dusk",1,0,0
"Frigatebirds","Approach","Day",1,0,0
"Fringed myotis","Local","Night",1,0,0
"Gadwall","Descent","Night",1,0,0
"Gadwall","Landing Roll","Day",1,0,0
"Gadwall","Take-off Run","Dawn",1,0,0
"Gadwall","Take-off Run","Day",1,0,0
"Gadwall","Take-off Run","Night",1,0,0
"Gambel's quail","Approach","Day",1,0,0
"Gambel's quail","Landing Roll","Day",1,0,0
"Geese","Departure","Night",1,0,0
"Geese","Landing Roll","Dawn",1,0,0
"Geese","Landing Roll","Dusk",1,0,0
"Geese","Take-off Run","Night",1,0,0
"Glaucous-winged gull","Approach","Dawn",1,0,0
"Glaucous-winged gull","Approach","Night",1,0,0
"Glaucous-winged gull","Departure","Day",1,0,0
"Glaucous-winged gull","Landing Roll","Dawn",1,0,0
"Glaucous-winged gull","Landing Roll","Dusk",1,0,0
"Glaucous-winged gull","Local","Day",1,0,0
"Glaucous-winged gull","Parked","Day",1,0,0
"Glaucous-winged gull","Take-off Run","Dusk",1,0,0
"Glaucous-winged gull","Taxi","Dawn",1,0,0
"Glaucous-winged gull","Taxi","Night",1,0,0
"Glaucous gull","Arrival","Day",1,0,0
"Glaucous gull","Climb","Dawn",1,0,0
"Glaucous gull","Landing Roll","Night",1,0,0
"Glaucous gull","Take-off Run","Dawn",1,0,0
"Glossy ibis","Approach","Day",1,0,0
"Glossy ibis","Take-off Run","Day",1,0,0
"Golden-crowned kinglet","Arrival","Night",1,0,0
"Golden-crowned kinglet","Climb","Night",1,0,0
"Golden-crowned kinglet","Descent","Night",1,0,0
"Golden-crowned kinglet","Landing Roll","Day",1,0,0
"Golden-crowned sparrow","Approach","Night",1,0,0
"Golden-winged warbler","Approach","Day",1,0,0
"Gopher snake","Landing Roll","Night",1,0,0
"Gopher tortoise","Approach","Day",1,0,0
"Gopher tortoise","Taxi","Night",1,0,0
"Grackles","Climb","Dusk",1,0,0
"Grackles","Local","Day",1,0,0
"Grackles","Parked","Day",1,0,0
"Grasshopper sparrow","Climb","Day",1,0,0
"Grasshopper sparrow","Departure","Day",1,0,0
"Grasshopper sparrow","Landing Roll","Dawn",1,0,0
"Grasshopper sparrow","Landing Roll","Night",1,0,0
"Gray-cheeked thrush","Climb","Dusk",1,0,0
"Gray-cheeked thrush","Departure","Day",1,0,0
"Gray-cheeked thrush","Descent","Day",1,0,0
"Gray-cheeked thrush","En Route","Night",1,0,0
"Gray-cheeked thrush","Take-off Run","Day",1,0,0
"Gray-headed chickadee","Approach","Day",1,0,0
"Gray catbird","Arrival","Day",1,0,0
"Gray catbird","Climb","Dawn",1,0,0
"Gray catbird","Departure","Night",1,0,0
"Gray catbird","En Route","Day",1,0,0
"Gray francolin","Approach","Day",1,0,0
"Gray francolin","Landing Roll","Dusk",1,0,0
"Gray kingbird","Approach","Night",1,0,0
"Gray kingbird","Landing Roll","Night",1,0,0
"Gray kingbird","Take-off Run","Dawn",1,0,0
"Gray partridge","Approach","Dusk",1,0,0
"Gray partridge","Climb","Dawn",1,0,0
"Gray partridge","Landing Roll","Day",1,0,0
"Gray partridge","Landing Roll","Dusk",1,0,0
"Gray sac-winged bat","Take-off Run","Night",1,0,0
"Gray vireo","Approach","Night",1,0,0
"Great-tailed grackle","Approach","Dusk",1,0,0
"Great-tailed grackle","Climb","Dusk",1,0,0
"Great-tailed grackle","Departure","Day",1,0,0
"Great-tailed grackle","Landing Roll","Dusk",1,0,0
"Great-tailed grackle","Local","Day",1,0,0
"Great-tailed grackle","Take-off Run","Dawn",1,0,0
"Great-tailed grackle","Taxi","Day",1,0,0
"Great black-backed gull","Approach","Dawn",1,0,0
"Great black-backed gull","Descent","Day",1,0,0
"Great black-backed gull","En Route","Night",1,0,0
"Great black-backed gull","Local","Day",1,0,0
"Great blue heron","En Route","Night",1,0,0
"Great blue heron","Landing Roll","Dawn",1,0,0
"Great cormorant","Approach","Night",1,0,0
"Great crested flycatcher","Climb","Day",1,0,0
"Great crested flycatcher","Climb","Night",1,0,0
"Great crested flycatcher","Descent","Night",1,0,0
"Great crested flycatcher","Landing Roll","Dusk",1,0,0
"Great crested flycatcher","Take-off Run","Night",1,0,0
"Great crested grebe","Take-off Run","Night",1,0,0
"Great egret","Approach","Dawn",1,0,0
"Great egret","Climb","Night",1,0,0
"Great egret","Departure","Day",1,0,0
"Great egret","Take-off Run","Night",1,0,0
"Great frigatebird","Approach","Dawn",1,0,0
"Great frigatebird","Approach","Night",1,0,0
"Great horned owl","Approach","Dawn",1,0,0
"Great horned owl","Approach","Dusk",1,0,0
"Great horned owl","Taxi","Night",1,0,0
"Greater Antillean grackle","Take-off Run","Day",1,0,0
"Greater prairie chicken","Take-off Run","Day",1,0,0
"Greater sage-grouse","Climb","Dawn",1,0,0
"Greater sage-grouse","Landing Roll","Night",1,0,0
"Greater scaup","Landing Roll","Dawn",1,0,0
"Greater scaup","Local","Night",1,0,0
"Greater white-fronted goose","Climb","Dusk",1,0,0
"Greater yellowlegs","Climb","Dawn",1,0,0
"Greater yellowlegs","Climb","Day",1,0,0
"Greater yellowlegs","Landing Roll","Day",1,0,0
"Greater yellowlegs","Take-off Run","Dawn",1,0,0
"Greater yellowlegs","Take-off Run","Night",1,0,0
"Grebes","Approach","Day",1,0,0
"Grebes","Climb","Night",1,0,0
"Grebes","Take-off Run","Day",1,0,0
"Green-tailed towhee","En Route","Night",1,0,0
"Green-tailed towhee","Landing Roll","Night",1,0,0
"Green-winged teal","Climb","Dawn",1,0,0
"Green-winged teal","Climb","Dusk",1,0,0
"Green-winged teal","Descent","Night",1,0,0
"Green-winged teal","Take-off Run","Dawn",1,0,0
"Green-winged teal","Take-off Run","Day",1,0,0
"Green-winged teal","Take-off Run","Night",1,0,0
"Green heron","En Route","Night",1,0,0
"Green heron","Landing Roll","Dawn",1,0,0
"Green heron","Landing Roll","Night",1,0,0
"Greenish warbler","Take-off Run","Night",1,0,0
"Grey-headed flying fox","Departure","Night",1,0,0
"Ground squirrels","Landing Roll","Day",1,0,0
"Grouse","Approach","Dawn",1,0,0
"Grouse","Approach","Day",1,0,0
"Gull-billed tern","Approach","Day",1,0,0
"Gull-billed tern","Approach","Night",1,0,0
"Gulls","Arrival","Night",1,0,0
"Gulls","Departure","Night",1,0,0
"Gulls","Parked","Night",1,0,0
"Gulls, terns, kittiwakes","Approach","Day",1,0,0
"Gulls, terns, kittiwakes","Landing Roll","Day",1,0,0
"Gulls, terns, kittiwakes","Take-off Run","Day",1,0,0
"Gyrfalcon","Approach","Night",1,0,0
"Hairy woodpecker","Approach","Night",1,0,0
"Hammond's flycatcher","Descent","Dawn",1,0,0
"Hammond's flycatcher","Descent","Night",1,0,0
"Hammond's flycatcher","Landing Roll","Day",1,0,0
"Hammond's flycatcher","Take-off Run","Day",1,0,0
"Hares","Landing Roll","Day",1,0,0
"Harris's hawk","Take-off Run","Day",1,0,0
"Hawaiian duck","Descent","Night",1,0,0
"Hawaiian duck","Landing Roll","Day",1,0,0
"Hawaiian duck","Take-off Run","Day",1,0,0
"Hawaiian duck","Take-off Run","Night",1,0,0
"Hawaiian goose","Approach","Dusk",1,0,0
"Hawaiian goose","Climb","Day",1,0,0
"Hawaiian goose","Landing Roll","Dawn",1,0,0
"Hawaiian hawk","Climb","Day",1,0,0
"Hawks","Departure","Dawn",1,0,0
"Heermann's gull","Landing Roll","Day",1,0,0
"Hermit thrush","Arrival","Dawn",1,0,0
"Hermit thrush","Arrival","Night",1,0,0
"Hermit thrush","Departure","Night",1,0,0
"Hermit thrush","Landing Roll","Dawn",1,0,0
"Hermit thrush","Landing Roll","Dusk",1,0,0
"Hermit warbler","Approach","Dawn",1,0,0
"Hermit warbler","Approach","Night",1,0,0
"Hermit warbler","Landing Roll","Day",1,0,0
"Herons","En Route","Day",1,0,0
"Herons","Parked","Day",1,0,0
"Herons, egrets, bitterns","Landing Roll","Day",1,0,0
"Herring gull","Parked","Day",1,0,0
"Hoary bat","Approach","Dusk",1,0,0
"Hoary bat","Climb","Day",1,0,0
"Hoary bat","Climb","Dusk",1,0,0
"Hoary bat","Departure","Night",1,0,0
"Hoary bat","Landing Roll","Dawn",1,0,0
"Hoary bat","Local","Night",1,0,0
"Hoary bat","Take-off Run","Day",1,0,0
"Hoary bat","Take-off Run","Night",1,0,0
"Hooded merganser","Approach","Dusk",1,0,0
"Hooded merganser","Climb","Dusk",1,0,0
"Hooded oriole","Approach","Night",1,0,0
"Hooded warbler","Climb","Day",1,0,0
"Hooded warbler","Landing Roll","Night",1,0,0
"Horned grebe","Approach","Day",1,0,0
"Horned grebe","Descent","Night",1,0,0
"Horned grebe","Take-off Run","Day",1,0,0
"Horned lark","Arrival","Dusk",1,0,0
"Horned lark","Departure","Dawn",1,0,0
"Horned lark","Local","Night",1,0,0
"Horned lark","Taxi","Dawn",1,0,0
"Horned puffin","Climb","Day",1,0,0
"House finch","Climb","Dusk",1,0,0
"House finch","Landing Roll","Dawn",1,0,0
"House finch","Landing Roll","Dusk",1,0,0
"House sparrow","Local","Dusk",1,0,0
"House sparrow","Take-off Run","Night",1,0,0
"House sparrow","Taxi","Day",1,0,0
"Hudsonian godwit","Take-off Run","Day",1,0,0
"Hume's short-toed lark","Departure","Night",1,0,0
"Hummingbirds","Approach","Night",1,0,0
"Ibises","Approach","Day",1,0,0
"Ibises","Climb","Day",1,0,0
"Ibises","Take-off Run","Day",1,0,0
"Inca dove","Approach","Day",1,0,0
"Inca dove","Climb","Day",1,0,0
"Indian pipistrelle","Departure","Day",1,0,0
"Indian pipistrelle","Departure","Night",1,0,0
"Indian silverbill","Approach","Dusk",1,0,0
"Indian silverbill","Climb","Day",1,0,0
"Indian silverbill","Take-off Run","Day",1,0,0
"Indigo bunting","Approach","Dawn",1,0,0
"Indigo bunting","Climb","Dawn",1,0,0
"Indigo bunting","Descent","Day",1,0,0
"Indigo bunting","Descent","Night",1,0,0
"Indigo bunting","En Route","Day",1,0,0
"Indigo bunting","En Route","Night",1,0,0
"Indigo bunting","Take-off Run","Day",1,0,0
"Island canary","Approach","Day",1,0,0
"Jamaican fruit bat","Take-off Run","Night",1,0,0
"Japanese white-eye","Approach","Dawn",1,0,0
"Japanese white-eye","Approach","Day",1,0,0
"Java sparrow","Approach","Night",1,0,0
"Kentish plover","Departure","Day",1,0,0
"Kentucky warbler","Take-off Run","Dusk",1,0,0
"Killdeer","Departure","Dusk",1,0,0
"Killdeer","Departure","Night",1,0,0
"Killdeer","Descent","Dusk",1,0,0
"Killdeer","En Route","Dusk",1,0,0
"King rail","Landing Roll","Dawn",1,0,0
"King rail","Take-off Run","Day",1,0,0
"Kit fox","Take-off Run","Dawn",1,0,0
"Kit fox","Take-off Run","Night",1,0,0
"Kites","Landing Roll","Day",1,0,0
"Kites, eagles, hawks","Climb","Night",1,0,0
"Kites, eagles, hawks","Landing Roll","Day",1,0,0
"Kittiwakes","Approach","Day",1,0,0
"Kuhl's pipistrelle","Departure","Night",1,0,0
"Lagomorphs (rabbits, hares)","Climb","Night",1,0,0
"Lagomorphs (rabbits, hares)","Landing Roll","Dawn",1,0,0
"Lagomorphs (rabbits, hares)","Take-off Run","Dawn",1,0,0
"Lagomorphs (rabbits, hares)","Take-off Run","Night",1,0,0
"Lanceolated warbler","Take-off Run","Day",1,0,0
"Lapland longspur","Climb","Dawn",1,0,0
"Lapland longspur","Climb","Night",1,0,0
"Lapland longspur","Descent","Day",1,0,0
"Lapland longspur","En Route","Night",1,0,0
"Lark bunting","Approach","Dusk",1,0,0
"Lark bunting","Climb","Day",1,0,0
"Lark bunting","Landing Roll","Dusk",1,0,0
"Lark bunting","Landing Roll","Night",1,0,0
"Lark bunting","Local","Day",1,0,0
"Lark sparrow","Climb","Day",1,0,0
"Lark sparrow","Descent","Day",1,0,0
"Lark sparrow","Landing Roll","Dusk",1,0,0
"Lark sparrow","Local","Day",1,0,0
"Larks","Take-off Run","Day",1,0,0
"Laughing gull","Climb","Night",1,0,0
"Laughing gull","Descent","Day",1,0,0
"Lawrence's goldfinch","Climb","Day",1,0,0
"Lawrence's goldfinch","Take-off Run","Day",1,0,0
"Laysan albatross","Approach","Dawn",1,0,0
"Laysan albatross","Landing Roll","Dusk",1,0,0
"Laysan albatross","Parked","Day",1,0,0
"Laysan albatross","Take-off Run","Dawn",1,0,0
"Laysan albatross","Taxi","Dawn",1,0,0
"Laysan albatross","Taxi","Night",1,0,0
"Lazuli bunting","Descent","Day",1,0,0
"Least bittern","Climb","Night",1,0,0
"Least bittern","Take-off Run","Day",1,0,0
"Least flycatcher","Climb","Day",1,0,0
"Least flycatcher","Landing Roll","Night",1,0,0
"Least sandpiper","Descent","Night",1,0,0
"Least sandpiper","Landing Roll","Dusk",1,0,0
"Least sandpiper","Local","Day",1,0,0
"Least tern","Descent","Day",1,0,0
"Least tern","Landing Roll","Dawn",1,0,0
"Least tern","Landing Roll","Day",1,0,0
"Least tern","Landing Roll","Dusk",1,0,0
"Least tern","Take-off Run","Dawn",1,0,0
"LeConte's sparrow","Take-off Run","Dawn",1,0,0
"Lesser black-backed gull","Approach","Dusk",1,0,0
"Lesser goldfinch","Landing Roll","Dusk",1,0,0
"Lesser goldfinch","Landing Roll","Night",1,0,0
"Lesser nighthawk","Climb","Dawn",1,0,0
"Lesser nighthawk","Climb","Day",1,0,0
"Lesser nighthawk","Departure","Night",1,0,0
"Lesser nighthawk","Descent","Night",1,0,0
"Lesser nighthawk","Take-off Run","Dawn",1,0,0
"Lesser nighthawk","Take-off Run","Dusk",1,0,0
"Lesser scaup","Landing Roll","Day",1,0,0
"Lesser scaup","Local","Night",1,0,0
"Lesser whitethroat","Departure","Day",1,0,0
"Lesser yellowlegs","Approach","Day",1,0,0
"Lilac-crowned parrot","Climb","Day",1,0,0
"Lincoln's sparrow","Approach","Dawn",1,0,0
"Lincoln's sparrow","Departure","Night",1,0,0
"Little blue heron","Approach","Night",1,0,0
"Little blue heron","Climb","Dawn",1,0,0
"Little blue heron","Climb","Night",1,0,0
"Little blue heron","Landing Roll","Day",1,0,0
"Little blue heron","Landing Roll","Night",1,0,0
"Little blue heron","Take-off Run","Night",1,0,0
"Little brown bat","Approach","Dusk",1,0,0
"Little brown bat","Climb","Day",1,0,0
"Little brown bat","Climb","Night",1,0,0
"Little brown bat","Descent","Night",1,0,0
"Little brown bat","Local","Day",1,0,0
"Little brown bat","Take-off Run","Day",1,0,0
"Little brown bat","Take-off Run","Night",1,0,0
"Little owl","Landing Roll","Night",1,0,0
"Little red flying fox","Approach","Night",1,0,0
"Loggerhead kingbird","Take-off Run","Day",1,0,0
"Loggerhead shrike","Approach","Dusk",1,0,0
"Loggerhead shrike","Climb","Night",1,0,0
"Loggerhead shrike","Landing Roll","Dusk",1,0,0
"Loggerhead shrike","Local","Day",1,0,0
"Loggerhead shrike","Take-off Run","Dawn",1,0,0
"Loggerhead shrike","Taxi","Day",1,0,0
"Long-billed curlew","Approach","Day",1,0,0
"Long-billed curlew","Landing Roll","Night",1,0,0
"Long-billed curlew","Take-off Run","Day",1,0,0
"Long-billed dowitcher","Climb","Night",1,0,0
"Long-billed thrasher","Landing Roll","Day",1,0,0
"Long-eared owl","Landing Roll","Night",1,0,0
"Long-eared owl","Taxi","Day",1,0,0
"Long-legged myotis","Approach","Day",1,0,0
"Long-tailed duck","Climb","Day",1,0,0
"Longspurs, snow buntings","Climb","Day",1,0,0
"Longspurs, snow buntings","Climb","Dusk",1,0,0
"Louisiana waterthrush","Approach","Night",1,0,0
"MacGillivray's warbler","Arrival","Night",1,0,0
"MacGillivray's warbler","Climb","Day",1,0,0
"MacGillivray's warbler","En Route","Night",1,0,0
"MacGillivray's warbler","Landing Roll","Day",1,0,0
"Magnificent frigatebird","Take-off Run","Dawn",1,0,0
"Magnolia warbler","Climb","Day",1,0,0
"Magnolia warbler","Climb","Night",1,0,0
"Magnolia warbler","En Route","Day",1,0,0
"Magnolia warbler","Landing Roll","Night",1,0,0
"Magnolia warbler","Take-off Run","Dawn",1,0,0
"Mallard","Arrival","Day",1,0,0
"Mallard","Departure","Day",1,0,0
"Mallard","Descent","Dusk",1,0,0
"Mallard","Local","Day",1,0,0
"Mallard","Local","Night",1,0,0
"Mallard","Taxi","Day",1,0,0
"Mallard","Taxi","Dusk",1,0,0
"Mallard/American black duck complex","Climb","Dawn",1,0,0
"Mallard/mottled duck complex","Approach","Day",1,0,0
"Marbled godwit","Approach","Night",1,0,0
"Marbled godwit","Landing Roll","Day",1,0,0
"Marbled godwit","Take-off Run","Dusk",1,0,0
"Marbled murrelet","Descent","Dawn",1,0,0
"Marsh wren","En Route","Night",1,0,0
"Marsh wren","Landing Roll","Night",1,0,0
"Marsh wren","Take-off Run","Dawn",1,0,0
"Mauritian tomb bat","Departure","Night",1,0,0
"McKay's bunting","Take-off Run","Night",1,0,0
"Meadow pipit","Climb","Day",1,0,0
"Meadowlarks","Arrival","Day",1,0,0
"Meadowlarks","Climb","Dawn",1,0,0
"Meadowlarks","Climb","Dusk",1,0,0
"Meadowlarks","Local","Dawn",1,0,0
"Meadowlarks","Local","Day",1,0,0
"Medium egret","Climb","Day",1,0,0
"Megabats","Approach","Day",1,0,0
"Megabats","Take-off Run","Night",1,0,0
"Merlin","Approach","Dawn",1,0,0
"Merlin","Approach","Night",1,0,0
"Merlin","Arrival","Day",1,0,0
"Merlin","Departure","Day",1,0,0
"Merlin","Landing Roll","Night",1,0,0
"Merlin","Local","Dawn",1,0,0
"Merlin","Local","Day",1,0,0
"Merlin","Take-off Run","Dusk",1,0,0
"Microbats","Approach","Dawn",1,0,0
"Microbats","Climb","Dusk",1,0,0
"Microbats","Departure","Dusk",1,0,0
"Microbats","Landing Roll","Dawn",1,0,0
"Microbats","Take-off Run","Dawn",1,0,0
"Microbats","Take-off Run","Dusk",1,0,0
"Microbats","Taxi","Night",1,0,0
"Mississippi kite","Approach","Dawn",1,0,0
"Mitred parakeet","Approach","Day",1,0,0
"Monk parakeet","Landing Roll","Day",1,0,0
"Moose","Approach","Day",1,0,0
"Mottled duck","Approach","Dusk",1,0,0
"Mottled duck","Climb","Day",1,0,0
"Mottled duck","Landing Roll","Day",1,0,0
"Mountain bluebird","Approach","Dusk",1,0,0
"Mountain bluebird","Descent","Day",1,0,0
"Mountain bluebird","Take-off Run","Dusk",1,0,0
"Mountain bluebird","Take-off Run","Night",1,0,0
"Mountain chickadee","Landing Roll","Day",1,0,0
"Mourning dove","Arrival","Dawn",1,0,0
"Mourning dove","Parked","Dawn",1,0,0
"Mourning dove","Parked","Night",1,0,0
"Mourning dove","Taxi","Dawn",1,0,0
"Mourning dove","Taxi","Dusk",1,0,0
"Mourning warbler","En Route","Night",1,0,0
"Mugimaki flycatcher","Departure","Night",1,0,0
"Mule deer","Taxi","Day",1,0,0
"Munias","Climb","Day",1,0,0
"Munias","Landing Roll","Dawn",1,0,0
"Muscovy duck","Approach","Day",1,0,0
"Mute swan","Landing Roll","Night",1,0,0
"Naked-rumped tomb bat","Departure","Night",1,0,0
"Nanday parakeet","Approach","Day",1,0,0
"Nanday parakeet","Landing Roll","Day",1,0,0
"Nanday parakeet","Take-off Run","Day",1,0,0
"Nashville warbler","Approach","Dusk",1,0,0
"Nashville warbler","Climb","Dawn",1,0,0
"Nashville warbler","Take-off Run","Dawn",1,0,0
"Neotropic cormorant","Approach","Day",1,0,0
"Neotropic cormorant","Approach","Night",1,0,0
"New World quail","Landing Roll","Day",1,0,0
"New World vultures","Approach","Dawn",1,0,0
"New World vultures","Approach","Dusk",1,0,0
"New World vultures","Arrival","Day",1,0,0
"New World vultures","Climb","Dusk",1,0,0
"New World vultures","Climb","Night",1,0,0
"New World vultures","Take-off Run","Dawn",1,0,0
"New World wood-warblers","Descent","Dusk",1,0,0
"New World wood-warblers","Descent","Night",1,0,0
"New World wood-warblers","Take-off Run","Dusk",1,0,0
"Nightjars","Approach","Day",1,0,0
"Nightjars","Landing Roll","Night",1,0,0
"Nightjars","Take-off Run","Dawn",1,0,0
"Noddies","Approach","Day",1,0,0
"Noddies","Take-off Run","Day",1,0,0
"North American porcupine","Landing Roll","Dusk",1,0,0
"Northern bobwhite","Approach","Day",1,0,0
"Northern bobwhite","Climb","Day",1,0,0
"Northern bobwhite","Local","Night",1,0,0
"Northern bobwhite","Taxi","Dawn",1,0,0
"Northern cardinal","Approach","Night",1,0,0
"Northern cardinal","Arrival","Night",1,0,0
"Northern flicker","Approach","Dusk",1,0,0
"Northern flicker","Arrival","Night",1,0,0
"Northern flicker","Climb","Dusk",1,0,0
"Northern flicker","Departure","Day",1,0,0
"Northern flicker","Departure","Night",1,0,0
"Northern fulmar","Landing Roll","Day",1,0,0
"Northern harrier","Approach","Dusk",1,0,0
"Northern harrier","Take-off Run","Dawn",1,0,0
"Northern hawk owl","Approach","Day",1,0,0
"Northern hawk owl","Take-off Run","Day",1,0,0
"Northern house wren","Descent","Day",1,0,0
"Northern house wren","Descent","Night",1,0,0
"Northern house wren","En Route","Day",1,0,0
"Northern house wren","En Route","Night",1,0,0
"Northern house wren","Landing Roll","Night",1,0,0
"Northern house wren","Take-off Run","Day",1,0,0
"Northern mockingbird","Landing Roll","Dusk",1,0,0
"Northern mockingbird","Take-off Run","Night",1,0,0
"Northern parula","Departure","Night",1,0,0
"Northern parula","Descent","Day",1,0,0
"Northern parula","En Route","Day",1,0,0
"Northern parula","Take-off Run","Day",1,0,0
"Northern pintail","Arrival","Dusk",1,0,0
"Northern pintail","Local","Day",1,0,0
"Northern pintail","Take-off Run","Day",1,0,0
"Northern rough-winged swallow","Approach","Night",1,0,0
"Northern rough-winged swallow","Arrival","Day",1,0,0
"Northern rough-winged swallow","Climb","Dawn",1,0,0
"Northern rough-winged swallow","Landing Roll","Dusk",1,0,0
"Northern rough-winged swallow","Take-off Run","Dawn",1,0,0
"Northern rough-winged swallow","Take-off Run","Night",1,0,0
"Northern saw-whet owl","Approach","Day",1,0,0
"Northern saw-whet owl","Landing Roll","Night",1,0,0
"Northern saw-whet owl","Take-off Run","Night",1,0,0
"Northern shoveler","Take-off Run","Day",1,0,0
"Northern shrike","Approach","Day",1,0,0
"Northern waterthrush","Approach","Dawn",1,0,0
"Northern waterthrush","Climb","Night",1,0,0
"Northern waterthrush","Departure","Day",1,0,0
"Northern waterthrush","Descent","Night",1,0,0
"Northern waterthrush","En Route","Night",1,0,0
"Northern waterthrush","Landing Roll","Day",1,0,0
"Northern waterthrush","Landing Roll","Night",1,0,0
"Northern yellow bat","Approach","Dusk",1,0,0
"Northern yellow bat","Climb","Night",1,0,0
"Nuthatches","Approach","Night",1,0,0
"Old World vultures","Landing Roll","Day",1,0,0
"Old World warblers","Approach","Day",1,0,0
"Olive-backed pipit","Descent","Dawn",1,0,0
"Olive-sided flycatcher","Approach","Day",1,0,0
"Olive-sided flycatcher","Approach","Night",1,0,0
"Olive sparrow","Landing Roll","Day",1,0,0
"Orange-crowned warbler","Approach","Dusk",1,0,0
"Orange-crowned warbler","Climb","Night",1,0,0
"Orange-crowned warbler","Descent","Day",1,0,0
"Orange-crowned warbler","En Route","Day",1,0,0
"Orange-crowned warbler","Local","Night",1,0,0
"Orange-crowned warbler","Take-off Run","Day",1,0,0
"Orchard oriole","Climb","Day",1,0,0
"Orchard oriole","Climb","Night",1,0,0
"Orchard oriole","Descent","Night",1,0,0
"Orchard oriole","Landing Roll","Dawn",1,0,0
"Oriental plover","Take-off Run","Day",1,0,0
"Oriental turtle dove","Climb","Day",1,0,0
"Orioles","Approach","Day",1,0,0
"Orioles","Landing Roll","Day",1,0,0
"Osprey","Approach","Dawn",1,0,0
"Osprey","Descent","Dusk",1,0,0
"Osprey","Landing Roll","Dusk",1,0,0
"Ovenbird","Climb","Dawn",1,0,0
"Ovenbird","Climb","Day",1,0,0
"Ovenbird","Departure","Night",1,0,0
"Ovenbird","Take-off Run","Day",1,0,0
"Ovenbird","Taxi","Day",1,0,0
"Owls","Departure","Day",1,0,0
"Owls","Departure","Night",1,0,0
"Owls","Parked","Night",1,0,0
"Owls","Taxi","Night",1,0,0
"Pacific flying fox","Landing Roll","Night",1,0,0
"Pacific golden-plover","Arrival","Dawn",1,0,0
"Pacific golden-plover","Departure","Dusk",1,0,0
"Pacific golden-plover","Local","Night",1,0,0
"Pacific golden-plover","Parked","Day",1,0,0
"Pacific golden-plover","Taxi","Night",1,0,0
"Pacific loon","Climb","Day",1,0,0
"Painted bunting","Departure","Night",1,0,0
"Painted turtle","Landing Roll","Day",1,0,0
"Pallas's long-tongued bat","Take-off Run","Night",1,0,0
"Pallas's mastiff bat","Approach","Night",1,0,0
"Pallas's mastiff bat","Climb","Day",1,0,0
"Pallas's mastiff bat","Departure","Dawn",1,0,0
"Pallas's mastiff bat","Departure","Day",1,0,0
"Pallas's mastiff bat","Departure","Night",1,0,0
"Palm warbler","Arrival","Day",1,0,0
"Palm warbler","Climb","Dawn",1,0,0
"Palm warbler","Climb","Day",1,0,0
"Palm warbler","Descent","Night",1,0,0
"Palm warbler","Landing Roll","Night",1,0,0
"Palm warbler","Take-off Run","Night",1,0,0
"Parrots","Approach","Dusk",1,0,0
"Parrots","Landing Roll","Day",1,0,0
"Partridges","Climb","Day",1,0,0
"Pectoral sandpiper","Approach","Dawn",1,0,0
"Pectoral sandpiper","Climb","Dawn",1,0,0
"Pectoral sandpiper","Climb","Night",1,0,0
"Pectoral sandpiper","Descent","Night",1,0,0
"Pectoral sandpiper","Landing Roll","Dawn",1,0,0
"Pectoral sandpiper","Landing Roll","Night",1,0,0
"Perching birds (y)","Arrival","Night",1,0,0
"Perching birds (y)","Local","Night",1,0,0
"Perching birds (z)","Approach","Day",1,0,0
"Peregrine falcon","Approach","Dawn",1,0,0
"Peregrine falcon","Arrival","Day",1,0,0
"Peregrine falcon","Departure","Day",1,0,0
"Peregrine falcon","Descent","Day",1,0,0
"Peregrine falcon","Landing Roll","Dawn",1,0,0
"Peregrine falcon","Parked","Day",1,0,0
"Pheasants","Take-off Run","Day",1,0,0
"Philadelphia vireo","Climb","Night",1,0,0
"Philippine collared dove","Landing Roll","Day",1,0,0
"Philippine collared dove","Take-off Run","Dusk",1,0,0
"Picazuro pigeon","Take-off Run","Day",1,0,0
"Pied-billed grebe","Climb","Dawn",1,0,0
"Pied-billed grebe","Take-off Run","Day",1,0,0
"Pigeons","Approach","Dawn",1,0,0
"Pigeons","Approach","Dusk",1,0,0
"Pigeons","Approach","Night",1,0,0
"Pigeons","Climb","Dusk",1,0,0
"Pigeons","Departure","Day",1,0,0
"Pigeons","Landing Roll","Night",1,0,0
"Pigeons","Parked","Day",1,0,0
"Pigeons","Take-off Run","Night",1,0,0
"Pigeons, doves","Approach","Dawn",1,0,0
"Pigeons, doves","Climb","Dusk",1,0,0
"Pigeons, doves","Climb","Night",1,0,0
"Pigeons, doves","En Route","Night",1,0,0
"Pigeons, doves","Take-off Run","Night",1,0,0
"Pigeons, doves","Taxi","Day",1,0,0
"Pin-tailed snipe","Take-off Run","Day",1,0,0
"Pine grosbeak","Approach","Day",1,0,0
"Pine siskin","Approach","Dusk",1,0,0
"Pine siskin","Descent","Dawn",1,0,0
"Pine siskin","Landing Roll","Dawn",1,0,0
"Pine siskin","Landing Roll","Night",1,0,0
"Pine warbler","Climb","Night",1,0,0
"Pine warbler","Descent","Night",1,0,0
"Pine warbler","Landing Roll","Day",1,0,0
"Pine warbler","Take-off Run","Day",1,0,0
"Piping plover","Take-off Run","Night",1,0,0
"Plovers","Approach","Dawn",1,0,0
"Plovers","Climb","Day",1,0,0
"Plovers","Climb","Dusk",1,0,0
"Plovers","Landing Roll","Dawn",1,0,0
"Plovers","Take-off Run","Night",1,0,0
"Plovers","Taxi","Day",1,0,0
"Plovers, lapwings","Approach","Night",1,0,0
"Plovers, lapwings","Landing Roll","Day",1,0,0
"Plovers, lapwings","Take-off Run","Day",1,0,0
"Pocketed free-tailed bat","Climb","Night",1,0,0
"Prairie falcon","Climb","Day",1,0,0
"Prairie falcon","Descent","Day",1,0,0
"Prairie falcon","Landing Roll","Day",1,0,0
"Prairie falcon","Take-off Run","Dusk",1,0,0
"Prairie warbler","Approach","Dusk",1,0,0
"Prairie warbler","Climb","Night",1,0,0
"Prothonotary warbler","Approach","Day",1,0,0
"Prothonotary warbler","Descent","Night",1,0,0
"Ptarmigans","Approach","Day",1,0,0
"Ptarmigans","En Route","Day",1,0,0
"Ptarmigans","Landing Roll","Day",1,0,0
"Purple finch","Approach","Night",1,0,0
"Purple finch","Descent","Day",1,0,0
"Purple finch","En Route","Day",1,0,0
"Purple finch","Landing Roll","Dusk",1,0,0
"Purple finch","Take-off Run","Day",1,0,0
"Purple gallinule","Taxi","Day",1,0,0
"Purple martin","Approach","Dawn",1,0,0
"Purple martin","Arrival","Day",1,0,0
"Purple martin","Climb","Night",1,0,0
"Purple martin","Departure","Day",1,0,0
"Purple martin","Departure","Night",1,0,0
"Purple martin","En Route","Day",1,0,0
"Purple sandpiper","Landing Roll","Day",1,0,0
"Pygmy nuthatch","Approach","Night",1,0,0
"Quails, pheasants","Approach","Day",1,0,0
"Quails, pheasants","Approach","Night",1,0,0
"Rabbits","Local","Day",1,0,0
"Raccoon","Approach","Day",1,0,0
"Raccoon","Approach","Dusk",1,0,0
"Raccoon","Approach","Night",1,0,0
"Raccoon","Landing Roll","Day",1,0,0
"Raccoon","Local","Night",1,0,0
"Raccoon","Taxi","Dawn",1,0,0
"Rails","Climb","Night",1,0,0
"Rails","Descent","Night",1,0,0
"Rails","En Route","Night",1,0,0
"Raptors: Hawks, eagles, vultures, kites, osprey, falcons, caracaras","Arrival","Day",1,0,0
"Raptors: Hawks, eagles, vultures, kites, osprey, falcons, caracaras","Local","Day",1,0,0
"Raptors: Hawks, eagles, vultures, kites, osprey, falcons, caracaras","Take-off Run","Dawn",1,0,0
"Raptors: Hawks, eagles, vultures, kites, osprey, falcons, caracaras","Taxi","Day",1,0,0
"Red-bellied woodpecker","Descent","Night",1,0,0
"Red-breasted merganser","Climb","Day",1,0,0
"Red-breasted nuthatch","Climb","Night",1,0,0
"Red-breasted sapsucker","Approach","Dusk",1,0,0
"Red-crested cardinal","Approach","Day",1,0,0
"Red-crowned amazon","Approach","Dusk",1,0,0
"Red-eyed vireo","Arrival","Day",1,0,0
"Red-eyed vireo","Arrival","Night",1,0,0
"Red-eyed vireo","Climb","Dawn",1,0,0
"Red-eyed vireo","Departure","Day",1,0,0
"Red-eyed vireo","Departure","Night",1,0,0
"Red-eyed vireo","Descent","Day",1,0,0
"Red-eyed vireo","En Route","Dusk",1,0,0
"Red-eyed vireo","Take-off Run","Dawn",1,0,0
"Red-eyed vireo","Take-off Run","Day",1,0,0
"Red-eyed vireo","Take-off Run","Night",1,0,0
"Red-footed booby","Approach","Day",1,0,0
"Red-legged kittiwake","Approach","Day",1,0,0
"Red-legged partridge","Take-off Run","Day",1,0,0
"Red-masked parakeet","Approach","Day",1,0,0
"Red-masked parakeet","Take-off Run","Day",1,0,0
"Red-naped sapsucker","Climb","Night",1,0,0
"Red-naped sapsucker","Descent","Day",1,0,0
"Red-naped sapsucker","En Route","Night",1,0,0
"Red-necked grebe","Approach","Night",1,0,0
"Red-shouldered hawk","Approach","Night",1,0,0
"Red-shouldered hawk","Descent","Day",1,0,0
"Red-shouldered hawk","En Route","Day",1,0,0
"Red-shouldered hawk","Landing Roll","Night",1,0,0
"Red-shouldered hawk","Take-off Run","Night",1,0,0
"Red-tailed hawk","Departure","Dusk",1,0,0
"Red-tailed hawk","Parked","Day",1,0,0
"Red-tailed tropicbird","Landing Roll","Day",1,0,0
"Red-throated loon","Approach","Dusk",1,0,0
"Red-throated loon","Climb","Dawn",1,0,0
"Red-throated loon","Descent","Day",1,0,0
"Red-wattled lapwing","Climb","Night",1,0,0
"Red-winged blackbird","Climb","Dusk",1,0,0
"Red-winged blackbird","Departure","Dusk",1,0,0
"Red-winged blackbird","Departure","Night",1,0,0
"Red-winged blackbird","Descent","Night",1,0,0
"Red-winged blackbird","En Route","Day",1,0,0
"Red-winged blackbird","En Route","Night",1,0,0
"Red-winged blackbird","Local","Dusk",1,0,0
"Red-winged blackbird","Take-off Run","Night",1,0,0
"Red-winged blackbird","Taxi","Night",1,0,0
"Red avadavat","Approach","Night",1,0,0
"Red avadavat","Climb","Day",1,0,0
"Red avadavat","Take-off Run","Day",1,0,0
"Red crossbill","Climb","Day",1,0,0
"Red crossbill","Landing Roll","Day",1,0,0
"Red crossbill","Take-off Run","Day",1,0,0
"Red fox","Approach","Dusk",1,0,0
"Red fox","Arrival","Night",1,0,0
"Red fox","Departure","Dawn",1,0,0
"Red fox","Take-off Run","Dusk",1,0,0
"Red knot","Approach","Night",1,0,0
"Red phalarope","Approach","Day",1,0,0
"Red phalarope","Take-off Run","Day",1,0,0
"Reddish egret","Landing Roll","Day",1,0,0
"Redhead","Approach","Dawn",1,0,0
"Redhead","En Route","Night",1,0,0
"Redpoll","Approach","Dawn",1,0,0
"Redpoll","Approach","Night",1,0,0
"Redpoll","En Route","Day",1,0,0
"Redpoll","En Route","Night",1,0,0
"Redpoll","Landing Roll","Day",1,0,0
"Redwing","Departure","Night",1,0,0
"Redwing","Landing Roll","Day",1,0,0
"Richardson's ground squirrel","Take-off Run","Day",1,0,0
"Ring-billed gull","Departure","Dawn",1,0,0
"Ring-necked duck","Approach","Dawn",1,0,0
"Ring-necked duck","Approach","Day",1,0,0
"Ring-necked duck","Take-off Run","Day",1,0,0
"Ring-necked pheasant","Approach","Dawn",1,0,0
"Ring-necked pheasant","Approach","Night",1,0,0
"Ring-necked pheasant","Arrival","Day",1,0,0
"Ring-necked pheasant","Climb","Dusk",1,0,0
"Ring-necked pheasant","Landing Roll","Dawn",1,0,0
"Ring-necked pheasant","Taxi","Night",1,0,0
"River cooter","Landing Roll","Day",1,0,0
"Rock pigeon","Descent","Night",1,0,0
"Rock pigeon","Local","Dawn",1,0,0
"Rock pigeon","Local","Night",1,0,0
"Rock pigeon","Taxi","Dawn",1,0,0
"Rock sandpiper","Landing Roll","Day",1,0,0
"Rock sandpiper","Take-off Run","Dawn",1,0,0
"Rock wren","Approach","Night",1,0,0
"Rock wren","Landing Roll","Day",1,0,0
"Rock wren","Take-off Run","Day",1,0,0
"Rock wren","Take-off Run","Night",1,0,0
"Rook","Departure","Day",1,0,0
"Rook","Landing Roll","Day",1,0,0
"Rose-breasted grosbeak","Climb","Day",1,0,0
"Rose-breasted grosbeak","Descent","Night",1,0,0
"Rose-breasted grosbeak","Take-off Run","Dawn",1,0,0
"Rose-breasted grosbeak","Take-off Run","Day",1,0,0
"Roseate spoonbill","Approach","Day",1,0,0
"Roseate spoonbill","Approach","Dusk",1,0,0
"Ross's goose","Approach","Day",1,0,0
"Ross's goose","Approach","Night",1,0,0
"Rough-legged hawk","Approach","Night",1,0,0
"Rough-legged hawk","Local","Day",1,0,0
"Royal tern","Approach","Day",1,0,0
"Royal tern","Climb","Day",1,0,0
"Royal tern","En Route","Night",1,0,0
"Royal tern","Local","Day",1,0,0
"Royal tern","Parked","Day",1,0,0
"Ruby-crowned kinglet","Arrival","Night",1,0,0
"Ruby-crowned kinglet","Climb","Day",1,0,0
"Ruby-crowned kinglet","Descent","Day",1,0,0
"Ruby-crowned kinglet","En Route","Night",1,0,0
"Ruby-crowned kinglet","Local","Dawn",1,0,0
"Ruby-throated hummingbird","Arrival","Day",1,0,0
"Ruddy duck","Approach","Dusk",1,0,0
"Ruddy turnstone","Departure","Day",1,0,0
"Ruddy turnstone","Departure","Night",1,0,0
"Rufous hummingbird","Approach","Night",1,0,0
"Rufous hummingbird","Landing Roll","Day",1,0,0
"Rusty blackbird","Approach","Night",1,0,0
"Rusty blackbird","Climb","Night",1,0,0
"Rusty blackbird","Landing Roll","Day",1,0,0
"Rusty blackbird","Landing Roll","Night",1,0,0
"Sabine's gull","Landing Roll","Day",1,0,0
"Sabine's gull","Take-off Run","Dawn",1,0,0
"Saffron finch","Approach","Day",1,0,0
"Saffron finch","Approach","Dusk",1,0,0
"Saffron finch","Approach","Night",1,0,0
"Saffron finch","Climb","Day",1,0,0
"Saffron finch","Landing Roll","Dawn",1,0,0
"Sagebrush sparrow","Departure","Day",1,0,0
"Sanderling","Approach","Day",1,0,0
"Sanderling","Climb","Dusk",1,0,0
"Sanderling","Climb","Night",1,0,0
"Sanderling","Departure","Dawn",1,0,0
"Sanderling","Descent","Night",1,0,0
"Sandhill crane","Approach","Dawn",1,0,0
"Sandhill crane","Climb","Night",1,0,0
"Sandhill crane","Landing Roll","Dawn",1,0,0
"Sandpipers, curlews, phalaropes, allies","Climb","Dawn",1,0,0
"Sandpipers, curlews, phalaropes, allies","Climb","Dusk",1,0,0
"Sandpipers, curlews, phalaropes, allies","Climb","Night",1,0,0
"Sandpipers, curlews, phalaropes, allies","Local","Day",1,0,0
"Sandpipers, curlews, phalaropes, allies","Take-off Run","Dawn",1,0,0
"Savannah sparrow","Arrival","Night",1,0,0
"Savannah sparrow","Climb","Dusk",1,0,0
"Savannah sparrow","Local","Dusk",1,0,0
"Savannah sparrow","Take-off Run","Dusk",1,0,0
"Savannah sparrow","Taxi","Day",1,0,0
"Savannah sparrow","Taxi","Night",1,0,0
"Say's phoebe","Approach","Dusk",1,0,0
"Say's phoebe","Landing Roll","Dawn",1,0,0
"Scaled quail","Approach","Day",1,0,0
"Scaly-breasted munia","Arrival","Dawn",1,0,0
"Scaly-breasted munia","Climb","Night",1,0,0
"Scaly-breasted munia","Departure","Night",1,0,0
"Scaly-breasted munia","Local","Day",1,0,0
"Scaly-breasted munia","Take-off Run","Night",1,0,0
"Scaly-breasted munia","Taxi","Day",1,0,0
"Scaly-naped pigeon","En Route","Night",1,0,0
"Scaly-naped pigeon","Take-off Run","Day",1,0,0
"Scaly-naped pigeon","Take-off Run","Night",1,0,0
"Scarlet tanager","Climb","Day",1,0,0
"Scarlet tanager","Descent","Night",1,0,0
"Scarlet tanager","Landing Roll","Day",1,0,0
"Scarlet tanager","Take-off Run","Day",1,0,0
"Scarlet tanager","Take-off Run","Night",1,0,0
"Scissor-tailed flycatcher","Climb","Dusk",1,0,0
"Scissor-tailed flycatcher","Local","Day",1,0,0
"Scissor-tailed flycatcher","Local","Night",1,0,0
"Scissor-tailed flycatcher","Take-off Run","Dawn",1,0,0
"Seaside sparrow","Descent","Night",1,0,0
"Sedge wren","Local","Day",1,0,0
"Seminole bat","Departure","Night",1,0,0
"Seminole bat","Descent","Night",1,0,0
"Seminole bat","En Route","Night",1,0,0
"Seminole bat","Take-off Run","Night",1,0,0
"Semipalmated plover","Climb","Dusk",1,0,0
"Semipalmated plover","Climb","Night",1,0,0
"Semipalmated plover","Descent","Day",1,0,0
"Semipalmated plover","Descent","Night",1,0,0
"Semipalmated sandpiper","Approach","Dawn",1,0,0
"Semipalmated sandpiper","Descent","Day",1,0,0
"Semipalmated sandpiper","En Route","Day",1,0,0
"Semipalmated sandpiper","Landing Roll","Dawn",1,0,0
"Semipalmated sandpiper","Take-off Run","Night",1,0,0
"Sharp-shinned hawk","Approach","Dusk",1,0,0
"Sharp-shinned hawk","En Route","Day",1,0,0
"Sharp-shinned hawk","Landing Roll","Dawn",1,0,0
"Sharp-shinned hawk","Landing Roll","Night",1,0,0
"Sharp-shinned hawk","Take-off Run","Day",1,0,0
"Sharp-tailed grouse","Approach","Dawn",1,0,0
"Sharp-tailed grouse","Climb","Day",1,0,0
"Sharp-tailed grouse","Landing Roll","Dawn",1,0,0
"Sharp-tailed grouse","Landing Roll","Dusk",1,0,0
"Sharp-tailed grouse","Landing Roll","Night",1,0,0
"Sharp-tailed grouse","Take-off Run","Night",1,0,0
"Sharp-tailed sandpiper","Climb","Day",1,0,0
"Shearwaters","Departure","Night",1,0,0
"Shorebirds","Approach","Dawn",1,0,0
"Shorebirds","Climb","Day",1,0,0
"Shorebirds","Climb","Dusk",1,0,0
"Shorebirds","Climb","Night",1,0,0
"Shorebirds","Landing Roll","Dawn",1,0,0
"Shorebirds","Landing Roll","Dusk",1,0,0
"Shorebirds","Landing Roll","Night",1,0,0
"Shorebirds","Take-off Run","Dusk",1,0,0
"Shorebirds","Take-off Run","Night",1,0,0
"Shorebirds","Taxi","Night",1,0,0
"Short-billed dowitcher","Approach","Day",1,0,0
"Short-billed dowitcher","Take-off Run","Day",1,0,0
"Short-billed gull","Approach","Dawn",1,0,0
"Short-billed gull","Approach","Night",1,0,0
"Short-billed gull","Landing Roll","Dusk",1,0,0
"Short-billed gull","Taxi","Day",1,0,0
"Short-eared owl","Arrival","Day",1,0,0
"Short-eared owl","Arrival","Night",1,0,0
"Short-eared owl","Climb","Dawn",1,0,0
"Short-eared owl","Climb","Dusk",1,0,0
"Short-eared owl","Departure","Day",1,0,0
"Short-tailed hawk","Approach","Night",1,0,0
"Silver-haired bat","Approach","Dusk",1,0,0
"Silver-haired bat","Climb","Day",1,0,0
"Silver-haired bat","Take-off Run","Day",1,0,0
"Silver-haired bat","Take-off Run","Night",1,0,0
"Skunks","Landing Roll","Dusk",1,0,0
"Skunks","Take-off Run","Night",1,0,0
"Small Indian mongoose","Landing Roll","Dusk",1,0,0
"Smith's longspur","Approach","Day",1,0,0
"Snakes","Approach","Day",1,0,0
"Snakes","Landing Roll","Night",1,0,0
"Snakes","Take-off Run","Day",1,0,0
"Snakes","Taxi","Night",1,0,0
"Snow bunting","Approach","Dawn",1,0,0
"Snow bunting","Departure","Day",1,0,0
"Snow bunting","Departure","Dusk",1,0,0
"Snow goose","Landing Roll","Day",1,0,0
"Snow goose/Ross's goose complex","Climb","Dusk",1,0,0
"Snowy egret","Approach","Night",1,0,0
"Snowy egret","Arrival","Day",1,0,0
"Snowy egret","Landing Roll","Dusk",1,0,0
"Snowy owl","Departure","Day",1,0,0
"Snowy plover","Approach","Day",1,0,0
"Solitary sandpiper","Approach","Night",1,0,0
"Solitary sandpiper","Climb","Day",1,0,0
"Solitary sandpiper","Departure","Night",1,0,0
"Solitary sandpiper","Descent","Day",1,0,0
"Solitary sandpiper","Descent","Night",1,0,0
"Solitary sandpiper","En Route","Night",1,0,0
"Song sparrow","Departure","Night",1,0,0
"Song sparrow","En Route","Night",1,0,0
"Song sparrow","Landing Roll","Dusk",1,0,0
"Song sparrow","Take-off Run","Dawn",1,0,0
"Sooty mustached bat","Departure","Night",1,0,0
"Sora","Descent","Night",1,0,0
"Sora","En Route","Day",1,0,0
"Sora","En Route","Night",1,0,0
"Sora","Take-off Run","Night",1,0,0
"South American snipe","Climb","Night",1,0,0
"Southern lapwing","Climb","Day",1,0,0
"Southern lapwing","Climb","Night",1,0,0
"Sparrows","Local","Dusk",1,0,0
"Sparrows","Parked","Day",1,0,0
"Speckled pigeon","Departure","Night",1,0,0
"Spotted bat","Approach","Night",1,0,0
"Spotted dove","Approach","Night",1,0,0
"Spotted dove","Arrival","Day",1,0,0
"Spotted dove","Climb","Dusk",1,0,0
"Spotted sandpiper","Approach","Dawn",1,0,0
"Spotted sandpiper","Landing Roll","Day",1,0,0
"Spotted thick-knee","Climb","Day",1,0,0
"Spotted towhee","Climb","Night",1,0,0
"Sprague's pipit","Approach","Dawn",1,0,0
"Sprague's pipit","Departure","Day",1,0,0
"Stilt sandpiper","Approach","Night",1,0,0
"Storm-petrels","Taxi","Day",1,0,0
"Striped skunk","Approach","Day",1,0,0
"Striped skunk","Approach","Night",1,0,0
"Striped skunk","Climb","Day",1,0,0
"Striped skunk","Local","Day",1,0,0
"Striped skunk","Take-off Run","Dusk",1,0,0
"Striped skunk","Taxi","Day",1,0,0
"Sulphur-bellied flycatcher","Take-off Run","Dawn",1,0,0
"Sulphur-bellied flycatcher","Take-off Run","Night",1,0,0
"Summer tanager","Approach","Day",1,0,0
"Summer tanager","Approach","Night",1,0,0
"Summer tanager","Climb","Night",1,0,0
"Summer tanager","Take-off Run","Dawn",1,0,0
"Surf scoter","Approach","Day",1,0,0
"Surf scoter","Climb","Night",1,0,0
"Swainson's hawk","Climb","Dusk",1,0,0
"Swainson's hawk","Local","Day",1,0,0
"Swainson's hawk","Take-off Run","Dawn",1,0,0
"Swainson's hawk","Taxi","Day",1,0,0
"Swainson's thrush","Arrival","Night",1,0,0
"Swainson's thrush","Take-off Run","Dawn",1,0,0
"Swainson's thrush","Taxi","Dawn",1,0,0
"Swainson's warbler","Approach","Night",1,0,0
"Swainson's warbler","Take-off Run","Day",1,0,0
"Swallow-tailed kite","Approach","Dusk",1,0,0
"Swallow-tailed kite","Climb","Day",1,0,0
"Swallows","Arrival","Dusk",1,0,0
"Swallows","Climb","Night",1,0,0
"Swallows","Departure","Dusk",1,0,0
"Swamp sparrow","Approach","Dawn",1,0,0
"Swamp sparrow","Arrival","Night",1,0,0
"Swamp sparrow","Climb","Day",1,0,0
"Swamp sparrow","Descent","Day",1,0,0
"Swamp sparrow","Landing Roll","Day",1,0,0
"Swamp sparrow","Take-off Run","Dawn",1,0,0
"Swans","Climb","Dawn",1,0,0
"Swans","Landing Roll","Day",1,0,0
"Swift, tree-swifts, hummingbirds","Descent","Night",1,0,0
"Swifts","Departure","Night",1,0,0
"Swifts","Descent","Day",1,0,0
"Swifts","Landing Roll","Dusk",1,0,0
"Swifts","Take-off Run","Dawn",1,0,0
"Swifts","Take-off Run","Day",1,0,0
"Swine (pigs)","Approach","Day",1,0,0
"Tennessee warbler","Approach","Dusk",1,0,0
"Tennessee warbler","Climb","Dawn",1,0,0
"Tennessee warbler","Climb","Night",1,0,0
"Tennessee warbler","Departure","Day",1,0,0
"Tennessee warbler","Local","Night",1,0,0
"Tennessee warbler","Take-off Run","Dawn",1,0,0
"Terns, noddies","Landing Roll","Dusk",1,0,0
"Terns, noddies","Landing Roll","Night",1,0,0
"Thick-billed kingbird","Take-off Run","Dusk",1,0,0
"Thirteen-lined ground squirrel","Take-off Run","Day",1,0,0
"Thrashers","Take-off Run","Day",1,0,0
"Thrushes","Landing Roll","Dusk",1,0,0
"Thrushes","Take-off Run","Day",1,0,0
"Townsend's solitaire","Climb","Night",1,0,0
"Townsend's warbler","Climb","Day",1,0,0
"Townsend's warbler","Departure","Night",1,0,0
"Townsend's warbler","Descent","Night",1,0,0
"Townsend's warbler","En Route","Night",1,0,0
"Tree swallow","Climb","Night",1,0,0
"Tree swallow","Descent","Day",1,0,0
"Tree swallow","Descent","Night",1,0,0
"Tree swallow","En Route","Night",1,0,0
"Tri-colored bat","Approach","Day",1,0,0
"Tri-colored bat","Landing Roll","Night",1,0,0
"Tri-colored bat","Take-off Run","Night",1,0,0
"Tricolored blackbird","Approach","Day",1,0,0
"Tricolored heron","Approach","Night",1,0,0
"Tricolored heron","Climb","Night",1,0,0
"Tricolored heron","Landing Roll","Night",1,0,0
"Tricolored heron","Take-off Run","Day",1,0,0
"Tricolored heron","Take-off Run","Night",1,0,0
"Tropical kingbird","Climb","Night",1,0,0
"Tropical mockingbird","Landing Roll","Day",1,0,0
"Tundra swan","En Route","Night",1,0,0
"Tundra swan","Take-off Run","Dawn",1,0,0
"Turkey vulture","Take-off Run","Dawn",1,0,0
"Turkey vulture","Take-off Run","Dusk",1,0,0
"Turtles","Approach","Day",1,0,0
"Turtles","Landing Roll","Night",1,0,0
"Turtles","Take-off Run","Dawn",1,0,0
"Turtles","Take-off Run","Dusk",1,0,0
"Turtles","Take-off Run","Night",1,0,0
"Turtles","Taxi","Day",1,0,0
"Turtles","Taxi","Dusk",1,0,0
"Turtles","Taxi","Night",1,0,0
"Tyrant (New World) flycatchers","Climb","Day",1,0,0
"Tyrant (New World) flycatchers","Landing Roll","Dawn",1,0,0
"Upland sandpiper","Approach","Dusk",1,0,0
"Upland sandpiper","Arrival","Day",1,0,0
"Upland sandpiper","Climb","Dusk",1,0,0
"Upland sandpiper","Departure","Day",1,0,0
"Upland sandpiper","Departure","Night",1,0,0
"Upland sandpiper","Take-off Run","Dawn",1,0,0
"Upland sandpiper","Take-off Run","Night",1,0,0
"Varied thrush","Local","Dusk",1,0,0
"Vaux's swift","Approach","Dusk",1,0,0
"Vaux's swift","Arrival","Day",1,0,0
"Vaux's swift","Departure","Dawn",1,0,0
"Vaux's swift","Descent","Day",1,0,0
"Veery","Descent","Night",1,0,0
"Veery","Landing Roll","Day",1,0,0
"Veery","Landing Roll","Night",1,0,0
"Vesper bats","Climb","Day",1,0,0
"Vesper bats","Descent","Night",1,0,0
"Vesper bats","En Route","Night",1,0,0
"Vesper bats","Landing Roll","Dawn",1,0,0
"Vesper bats","Landing Roll","Dusk",1,0,0
"Vesper bats","Take-off Run","Night",1,0,0
"Vesper sparrow","Arrival","Day",1,0,0
"Vesper sparrow","Climb","Night",1,0,0
"Vesper sparrow","Descent","Day",1,0,0
"Vesper sparrow","En Route","Night",1,0,0
"Vesper sparrow","Landing Roll","Dawn",1,0,0
"Vesper sparrow","Landing Roll","Night",1,0,0
"Vesper sparrow","Local","Day",1,0,0
"Violet-green swallow","Approach","Night",1,0,0
"Violet-green swallow","Arrival","Day",1,0,0
"Violet-green swallow","Descent","Night",1,0,0
"Vireos","Approach","Day",1,0,0
"Vireos","Approach","Night",1,0,0
"Virginia's warbler","Approach","Night",1,0,0
"Virginia opossum","Landing Roll","Dawn",1,0,0
"Virginia opossum","Local","Day",1,0,0
"Virginia opossum","Take-off Run","Dawn",1,0,0
"Virginia opossum","Take-off Run","Dusk",1,0,0
"Virginia opossum","Taxi","Day",1,0,0
"Virginia rail","Approach","Dawn",1,0,0
"Virginia rail","Approach","Day",1,0,0
"Virginia rail","En Route","Night",1,0,0
"Wagner's bonneted bat","Departure","Day",1,0,0
"Warbling vireo","Descent","Dawn",1,0,0
"Warbling vireo","Descent","Day",1,0,0
"Warbling vireo","Descent","Dusk",1,0,0
"Warbling vireo","En Route","Night",1,0,0
"Warbling vireo","Take-off Run","Day",1,0,0
"Wedge-tailed shearwater","Climb","Day",1,0,0
"Wedge-tailed shearwater","Departure","Night",1,0,0
"Wedge-tailed shearwater","Landing Roll","Night",1,0,0
"Western barn owl","Landing Roll","Night",1,0,0
"Western bluebird","Climb","Dawn",1,0,0
"Western bluebird","Climb","Day",1,0,0
"Western bluebird","Landing Roll","Dusk",1,0,0
"Western bluebird","Local","Day",1,0,0
"Western bluebird","Take-off Run","Dusk",1,0,0
"Western cattle egret","Departure","Dusk",1,0,0
"Western cattle egret","En Route","Day",1,0,0
"Western cattle egret","Taxi","Dusk",1,0,0
"Western flycatcher","Descent","Dawn",1,0,0
"Western flycatcher","Landing Roll","Day",1,0,0
"Western flycatcher","Landing Roll","Night",1,0,0
"Western flycatcher","Take-off Run","Night",1,0,0
"Western gull","Approach","Dawn",1,0,0
"Western gull","Climb","Dusk",1,0,0
"Western house-martin","Climb","Day",1,0,0
"Western house-martin","Take-off Run","Day",1,0,0
"Western kingbird","Approach","Dawn",1,0,0
"Western kingbird","Arrival","Day",1,0,0
"Western kingbird","Descent","Day",1,0,0
"Western kingbird","En Route","Night",1,0,0
"Western kingbird","Landing Roll","Night",1,0,0
"Western kingbird","Taxi","Day",1,0,0
"Western kingbird","Taxi","Dusk",1,0,0
"Western marsh harrier","Approach","Day",1,0,0
"Western meadowlark","Arrival","Night",1,0,0
"Western meadowlark","Departure","Dusk",1,0,0
"Western meadowlark","Departure","Night",1,0,0
"Western meadowlark","Descent","Dusk",1,0,0
"Western meadowlark","En Route","Night",1,0,0
"Western meadowlark","Local","Dawn",1,0,0
"Western meadowlark","Local","Dusk",1,0,0
"Western meadowlark","Local","Night",1,0,0
"Western meadowlark","Taxi","Dusk",1,0,0
"Western pipistrelle","Approach","Night",1,0,0
"Western pipistrelle","Climb","Night",1,0,0
"Western pipistrelle","Landing Roll","Night",1,0,0
"Western red bat","Approach","Night",1,0,0
"Western sandpiper","Local","Dawn",1,0,0
"Western screech-owl","Landing Roll","Night",1,0,0
"Western tanager","En Route","Day",1,0,0
"Western tanager","Take-off Run","Day",1,0,0
"Western wood-pewee","Approach","Night",1,0,0
"Western wood-pewee","Climb","Dawn",1,0,0
"Western wood-pewee","Landing Roll","Day",1,0,0
"Western wood-pewee","Landing Roll","Dusk",1,0,0
"Western wood-pewee","Take-off Run","Day",1,0,0
"Western yellow bat","Approach","Night",1,0,0
"Western yellow bat","Landing Roll","Night",1,0,0
"Western/Clark's grebe complex","En Route","Day",1,0,0
"Western/Clark's grebe complex","Landing Roll","Night",1,0,0
"Whimbrel","Approach","Night",1,0,0
"Whimbrel","Landing Roll","Night",1,0,0
"Whiskered tern","Landing Roll","Night",1,0,0
"White's thrush","Climb","Day",1,0,0
"White-/golden-crown sparrow complex","Approach","Dawn",1,0,0
"White-/golden-crown sparrow complex","Approach","Dusk",1,0,0
"White-/golden-crown sparrow complex","Arrival","Night",1,0,0
"White-/golden-crown sparrow complex","Climb","Night",1,0,0
"White-/golden-crown sparrow complex","Departure","Night",1,0,0
"White-/golden-crown sparrow complex","En Route","Day",1,0,0
"White-/golden-crown sparrow complex","En Route","Night",1,0,0
"White-crowned pigeon","Landing Roll","Day",1,0,0
"White-crowned pigeon","Take-off Run","Day",1,0,0
"White-crowned sparrow","Approach","Dawn",1,0,0
"White-crowned sparrow","Arrival","Dusk",1,0,0
"White-crowned sparrow","Departure","Day",1,0,0
"White-crowned sparrow","Departure","Night",1,0,0
"White-crowned sparrow","Landing Roll","Day",1,0,0
"White-crowned sparrow","Local","Day",1,0,0
"White-crowned sparrow","Take-off Run","Day",1,0,0
"White-eyed vireo","Climb","Day",1,0,0
"White-eyed vireo","En Route","Day",1,0,0
"White-faced ibis","Descent","Night",1,0,0
"White-headed gull complex","Arrival","Day",1,0,0
"White-headed gull complex","Descent","Dawn",1,0,0
"White-headed gull complex","En Route","Night",1,0,0
"White-headed gull complex","Landing Roll","Night",1,0,0
"White-nosed coati","Landing Roll","Night",1,0,0
"White-rumped sandpiper","Take-off Run","Night",1,0,0
"White-tailed deer","Taxi","Dawn",1,0,0
"White-tailed deer","Taxi","Dusk",1,0,0
"White-tailed hawk","Local","Day",1,0,0
"White-tailed jackrabbit","Arrival","Day",1,0,0
"White-tailed jackrabbit","Landing Roll","Dusk",1,0,0
"White-tailed jackrabbit","Local","Day",1,0,0
"White-tailed jackrabbit","Take-off Run","Dawn",1,0,0
"White-tailed jackrabbit","Take-off Run","Day",1,0,0
"White-tailed jackrabbit","Take-off Run","Dusk",1,0,0
"White-tailed kite","Descent","Day",1,0,0
"White-tailed kite","Landing Roll","Dusk",1,0,0
"White-tailed kite","Take-off Run","Dusk",1,0,0
"White-tailed prairie dog","Landing Roll","Day",1,0,0
"White-tailed prairie dog","Take-off Run","Day",1,0,0
"White-tailed prairie dog","Taxi","Day",1,0,0
"White-tailed prairie dog","Taxi","Night",1,0,0
"White-tailed tropicbird","Climb","Night",1,0,0
"White-throated sparrow","Climb","Dawn",1,0,0
"White-throated sparrow","Departure","Dawn",1,0,0
"White-throated sparrow","Departure","Night",1,0,0
"White-throated sparrow","Take-off Run","Night",1,0,0
"White-throated swift","Approach","Dusk",1,0,0
"White-throated swift","Approach","Night",1,0,0
"White-throated swift","Climb","Dusk",1,0,0
"White-throated swift","Climb","Night",1,0,0
"White-throated swift","En Route","Dawn",1,0,0
"White-throated swift","Landing Roll","Dusk",1,0,0
"White-throated swift","Take-off Run","Dusk",1,0,0
"White-winged crossbill","En Route","Day",1,0,0
"White-winged crossbill","Landing Roll","Day",1,0,0
"White-winged dove","Arrival","Dusk",1,0,0
"White-winged dove","Climb","Dusk",1,0,0
"White-winged dove","Climb","Night",1,0,0
"White-winged dove","Take-off Run","Dawn",1,0,0
"White-winged swallow","Departure","Night",1,0,0
"White ibis","Climb","Night",1,0,0
"White ibis","Landing Roll","Night",1,0,0
"White ibis","Parked","Day",1,0,0
"White ibis","Taxi","Day",1,0,0
"White ibis","Taxi","Dusk",1,0,0
"Wild turkey","Departure","Day",1,0,0
"Wild turkey","Take-off Run","Dusk",1,0,0
"Willet","Approach","Dawn",1,0,0
"Willet","Approach","Day",1,0,0
"Willet","Approach","Night",1,0,0
"Willet","Climb","Night",1,0,0
"Willet","Take-off Run","Day",1,0,0
"Willow flycatcher","Arrival","Night",1,0,0
"Willow flycatcher","Landing Roll","Day",1,0,0
"Willow flycatcher","Landing Roll","Night",1,0,0
"Willow ptarmigan","Approach","Night",1,0,0
"Willow ptarmigan","Climb","Dawn",1,0,0
"Willow ptarmigan","Landing Roll","Night",1,0,0
"Willow ptarmigan","Take-off Run","Day",1,0,0
"Wilson's phalarope","Landing Roll","Day",1,0,0
"Wilson's plover","Approach","Day",1,0,0
"Wilson's plover","Landing Roll","Night",1,0,0
"Wilson's snipe","Arrival","Day",1,0,0
"Wilson's snipe","Descent","Night",1,0,0
"Wilson's snipe","Take-off Run","Dawn",1,0,0
"Wilson's warbler","Arrival","Day",1,0,0
"Wilson's warbler","Descent","Day",1,0,0
"Wilson's warbler","En Route","Night",1,0,0
"Wilson's warbler","Local","Night",1,0,0
"Winter wren","Climb","Night",1,0,0
"Winter wren","Descent","Night",1,0,0
"Winter wren","En Route","Night",1,0,0
"Winter wren","Landing Roll","Night",1,0,0
"Wood duck","Approach","Dawn",1,0,0
"Wood duck","Arrival","Night",1,0,0
"Wood duck","Landing Roll","Day",1,0,0
"Wood duck","Landing Roll","Dusk",1,0,0
"Wood duck","Landing Roll","Night",1,0,0
"Wood duck","Taxi","Night",1,0,0
"Wood stork","Landing Roll","Dusk",1,0,0
"Wood thrush","Climb","Dawn",1,0,0
"Wood thrush","En Route","Night",1,0,0
"Wood thrush","Landing Roll","Day",1,0,0
"Wood thrush","Landing Roll","Night",1,0,0
"Wood thrush","Take-off Run","Day",1,0,0
"Woodchuck","Landing Roll","Dusk",1,0,0
"Woodchuck","Take-off Run","Dawn",1,0,0
"Woodchuck","Take-off Run","Night",1,0,0
"Worm-eating warbler","Departure","Day",1,0,0
"Wrens","Approach","Dawn",1,0,0
"Wrens","Approach","Dusk",1,0,0
"Wrens","Climb","Night",1,0,0
"Wrens","En Route","Night",1,0,0
"Wrens","Landing Roll","Night",1,0,0
"Wrens","Take-off Run","Dusk",1,0,0
"Wrens","Taxi","Day",1,0,0
"Yellow-bellied flycatcher","Approach","Day",1,0,0
"Yellow-bellied flycatcher","Landing Roll","Day",1,0,0
"Yellow-bellied flycatcher","Take-off Run","Day",1,0,0
"Yellow-bellied sapsucker","Climb","Day",1,0,0
"Yellow-billed cuckoo","Approach","Dawn",1,0,0
"Yellow-billed cuckoo","Descent","Dusk",1,0,0
"Yellow-billed cuckoo","Landing Roll","Day",1,0,0
"Yellow-billed cuckoo","Take-off Run","Night",1,0,0
"Yellow-billed magpie","Approach","Day",1,0,0
"Yellow-billed magpie","Climb","Dawn",1,0,0
"Yellow-billed magpie","Landing Roll","Dusk",1,0,0
"Yellow-billed magpie","Take-off Run","Dusk",1,0,0
"Yellow-breasted chat","En Route","Night",1,0,0
"Yellow-breasted chat","Landing Roll","Night",1,0,0
"Yellow-breasted chat","Take-off Run","Dawn",1,0,0
"Yellow-breasted chat","Take-off Run","Night",1,0,0
"Yellow-chevroned parakeet","Climb","Day",1,0,0
"Yellow-crowned night heron","Approach","Dusk",1,0,0
"Yellow-crowned night heron","Climb","Dusk",1,0,0
"Yellow-fronted canary","Approach","Day",1,0,0
"Yellow-fronted canary","Approach","Night",1,0,0
"Yellow-headed blackbird","Approach","Day",1,0,0
"Yellow-headed blackbird","Departure","Day",1,0,0
"Yellow-headed caracara","Take-off Run","Day",1,0,0
"Yellow-rumped warbler","Arrival","Dawn",1,0,0
"Yellow-rumped warbler","Arrival","Day",1,0,0
"Yellow-rumped warbler","Climb","Dusk",1,0,0
"Yellow-rumped warbler","Departure","Day",1,0,0
"Yellow-rumped warbler","Descent","Dawn",1,0,0
"Yellow-rumped warbler","Descent","Day",1,0,0
"Yellow-rumped warbler","Local","Day",1,0,0
"Yellow-rumped warbler","Parked","Day",1,0,0
"Yellow-rumped warbler","Take-off Run","Dawn",1,0,0
"Yellow-rumped warbler","Take-off Run","Night",1,0,0
"Yellow-throated vireo","Approach","Dawn",1,0,0
"Yellow-throated vireo","Landing Roll","Night",1,0,0
"Yellow-throated vireo","Take-off Run","Dusk",1,0,0
"Yellow-throated warbler","Arrival","Day",1,0,0
"Yellow-throated warbler","Descent","Day",1,0,0
"Yellow-throated warbler","Landing Roll","Night",1,0,0
"Yellow-throated warbler","Take-off Run","Dawn",1,0,0
"Yellow-throated warbler","Take-off Run","Day",1,0,0
"Yellow bittern","Approach","Dawn",1,0,0
"Yellow bittern","Approach","Day",1,0,0
"Yellow bittern","Approach","Night",1,0,0
"Yellow bittern","Climb","Day",1,0,0
"Yellow bittern","Climb","Dusk",1,0,0
"Yellow bittern","Landing Roll","Dawn",1,0,0
"Yellow bittern","Take-off Run","Night",1,0,0
"Yellow rail","Approach","Day",1,0,0
"Yellow warbler","Approach","Dawn",1,0,0
"Yellow warbler","Approach","Dusk",1,0,0
"Yellow warbler","En Route","Dusk",1,0,0
"Yellow warbler","En Route","Night",1,0,0
"Yellow warbler","Landing Roll","Dawn",1,0,0
"Yellow warbler","Landing Roll","Day",1,0,0
"Yuma myotis","Take-off Run","Night",1,0,0
"Zebra dove","Approach","Dusk",1,0,0
"Zebra dove","Approach","Night",1,0,0
"Zebra dove","Departure","Dusk",1,0,0
"Zebra dove","Take-off Run","Dawn",1,0,0
"Zebra dove","Take-off Run","Night",1,0,0
"Zenaida dove","Climb","Day",1,0,0
"Zenaida dove","Departure","Dusk",1,0,0
